INSERT INTO `OKR_COACH_MT`.`Image` (`Id`, `Active`, `PictureBase64`) VALUES ('156daeb7-8162-46b9-ab57-9f398ecc2648', 1, 'data:image/png;base64,iVBORw0KGgoAAAANSUhEUgAABAAAAAFKCAYAAACD5i0uAAAABGdBTUEAALGPC/xhBQAAACBjSFJNAAB6JgAAgIQAAPoAAACA6AAAdTAAAOpgAAA6mAAAF3CculE8AAAABmJLR0QA/wD/AP+gvaeTAAAACXBIWXMAAA7EAAAOxAGVKw4bAACAAElEQVR42u3dd3gc1dUG8PdO2aYud7n3gsGmmN676YTeeycQCIFASIAktC8htJDQEggdjKkGA6YbcO+9d9mWZXVp28yc749VtSVbsrQ7u9L7e54Jsa3dvTOanZlz77nnAkREREREREREREREREREREREREREREREREREREREREREREREREREREREREREREREREREREREREREREREREREREREREREREREREREREREREREREREREREREREREREREREREREREREREREREREREREREREREREREREREREREREREREREREREREREREREREREREREREREREREREREREREREREREREREREREREREREREREREREREREREREREREREREREREREREREREREREREREREREREREREREREREREREREREREREREREREREREREREREREREREREREREREREREREREREREREREREREREREREREREREREREREREREREREREREREREREREREREREREREREREREREREREREREREREREREREREREREREREREREREREREREREREREREREREREREREREREREREREREREREREREREREREREREREREREREREREREREREREREREREREREREREREREREREREREREREREREREREREREREREREREREREREREREREREREREREREREREREREREREREREREREREREREREREREREREREREREREREREREREREREREREREREREREREREREREREREREREREREREREREREREREREREREREREREREREREREREREREREREREREREREREREREREREREREREREREREREREREREREREREREREREREREREREREREREREREREREREREREREREREREREREREREREREREREREREREREREREREREREREREREREREREREREREREREREREREREREREREREREREREREREREREREREREREREREREREREREREREREREREREREREREREREREREREREREREREREREREREREREREREREtAPldgOIiIiobRSWBmVtQSWmLivAvHXFWLalHIvXFkPTtUZ/3rEd5GT6cOzIbsjwmThyeFcMzMtE785pyAx4+IxARETUzvDmTkRElKIWbyyRL2ZuxIRZGzF16TZYVVHoHh1K1wCloDQ0GfzXEEfg2AJAAEfg2A6cqAPdo+PA4V2x38BOOGJ4V4wZ0gW9O6fxuYGIiCiF8UZORESUQr6Ys0ne/GEVvl+4FVs3lwMQGD4TmqlBaVqr37+GOAIn6sCxbNhhC5qpI697Bta8dC6fHYiIiFIUb+JERERJrjwYkb+8Nx+vTFqBymAUjuVAM3VohgalJeZWHusQsFE1/nI+OxAREaUow+0GEBERUeMKSkPy+9dmostFb0HTNWimBt1rQPcmvi1KU9DMtsswICIiosRjBwAREVESuu2ladLnincAAcw0j9vNAcC0QSIiolTHrnwiIqIk8tPiLdLp4rfkxc+WQPcaSRP821Ebx+7Tw+1mEBERUSswA4CIiChJXPyPH+T4e7+A7jNgBpIj8K/Po3PcgIiIKJXxTk5EROSyTYWVMuSmD+SDH9bATPPsduk+t0QdcbsJRERE1ArMACAiInLR5MVbZfBNH0AsJ2nS/RslQE4SZiUQERFR8yXnEAMREVEH8PmsjXLiH76A0hQMv+l2c3bJsWwcu3d3t5tBRERErcAMACIiIhd8OXeTnPXQ19C9BpSWGvX1beEUACIiolTGDgAiIqIEW7m5TPa59SNoHi1lgn8AcBy3W0BEREStwQ4AIiKiBCqvisjg68cDSkHTdbeb03wCDOqR4XYriIiIqBVYA4CIiCiBjnvgK5RWhqF7Uij4B+BYDvI6+d1uBhEREbUCOwCIiIgS5C/j5sn85YUw/KlZTd/mMoBEREQpjVMAiIiIEmB9YaUMu/EDGP7UvfUqlTr1CoiIiGhnzAAgIiJKgIuenAzHcqC01Lz1iuOga6bP7WYQERFRK6TmUwgREVEKmTR3k8yYuwlmwHS7KXtOgOx0L1MAiIiIUljq5iHG0bqCCskvqsLK/DKsK6zE/eeP4gMPERHtsRuemwIjkJrz/uurCEUl3WfynkhERJSi2AFQz5OfLZEnP1qEQZe/AyjAroriy6fPdLtZRLQba7eWS79uGQxKKCl9NmODnPPwNzBTuANAHIHSNTD4JyIiSm3sAADw+EeL5OmPFuH3z0+F7jWg+ww4URv3XD0GJ4zO48MOURL6YtZGefbLZVixvgQjb/8YpZURyUrz8PtKSefWl6dD96b27daxHfTIy8Q6txtCRERErdKhH5Y/mrpOLnvmZ9hhC8rQILbADls4ev+eeOyKA7Bv/9wOfXyIksn6ggr5ePp6/O3jxSgsqgKUAkTg2AJPmolNL5+HDD9HJym5zFixTY68+3PoXj1li/8BgB21kdclDSv/9St+x4iIiFJYag9J7KHlm0rloid+wPl/+RqeDC+gabBDFvr0y8HE3x+DgT0y1ZcPut1Koo4tv6hKvpm/Gd/Oy8f4mRsx6Ip3ofsM6F694Whq1IHOpckoST32wUI4lsDwJ0/w79gOgFhaP6SRH6j+OilNIfbViv2FbUuz3p+IiIiSV4frADj3Hz/KqFs/iu18wAMrGEXvntn41/UH4YTReWrg0263kKjjmrWyUP7+ySIsWleCITd/gEhZGJqpQ/cZ8Ob43W4eUYuUB6PS+5pxMALJcau1glGI48Cf4UNOmgfdO6fhsCGdkeEzYTsCQ1fYVhrCN/M3wxagMmyhrCqCSFUUVlUEWb2y3N4FIiIiaqUOM2w2ae4mOffvPyJSGYHuNWCFovD5TDx+5f644eRhHeY4ECWTrcVB+WTGBjzx+RKs31QGCCC2A6VrULqCpu9+1NSOOvB6dax/6VxOAaCkMmluvpxy7+fw5QRcbYdjO4iUhbDv8G647pRhOP+QvmhuvYyi8pDMXVeM8T+uQb/uGfjdr/bmd4yIiCiFdYgb+cV//0He/3YlPJk+OLbADkVx/vGD8frth3eI/SdKFoVlIZm1pggTp2/Emz+vQenWCug+A5pHb1aw3xh2AFCyOuHBr+TnhVuge9zLALDDNgJpJt664wicuG9Pfj+IiIg6uOTIS4yT+euK5eQHJ+GDyWvgyfTCCkbQuUs6vn3yNAzplc0HIaIEmLtmuzz9+TIsWVuEATd+gGBxFTRDh+4zmdZP7drkufmuLv0XrYpgWN8cTH7sFHaOEREREYB2nAHw2Pvz5cE3ZkMzdQCAE7VxzWnD8dy1B7XbfSZKBsUVYflh4RY8PH4BFq0tASAQy4kVFDO0PR7pbwozACgZzVu9XQ7+7QQYftOVz7fDFkYN6owpj5/C7wQRERHVapcZACc++JU8+MZsGD4DjiXQvTpmPXk6hnPUnyiuyqsi0vmCNyGOwEz3QDerg/3qjjiijuKvHy2CMtw57+2oja7ZPgb/REREtJPkWZeoDazeXCbdLn9HJs/Lh2YasIJRnHpAL5S/ebFi8E8UfxkBj0rL8sEIeNp8pJ8olfy8pADKha+AOAI7ZOG9e49z+xAQERFREmo3GQBfztkkI3/9MQDERl1E8M/bj8C1xw5i4E9ERAkVDkehXLj7WKEoTjm8Hw4c1In3PiIiItpJuxiie/yjhXLWn7+G0hUggs7ZAcx65kwG/0RElHAr8kslFLbhRpkdw9Tx5FVj3D4ERERElKRSvgPgxpenyx9fnAbNo8OqimLU0C6Y9/TpGJ6XyeCfiIgS7tMZG2FVRaG0xN6G7KiDXr2z0K9rOu9/RERE1KiU7gA46/Hv5NUJi2FmeGGHLVx8xghMeWSsygl4+PBDRESuWL65zJ0Pdhw8ct4+bu8+ERERJbGUrQEw9oGv5Itf1kHz6FBK4Z93HIlrjxrAwJ+IiFy1qagSyoUimHbExomje7q9+0RERJTEUrID4Ng/fiHfzNwIw2cgJ9OHSX89CSN6MOWfiIjcV1AchqYn9pbk2Da6dktDut/kvZCIiIialHJTAE59aJL8NDsfhs/AoH45mPXk6S0O/udvK5dpm0tlfVlQysOWuL1PRETUfqwvrAQSPP/fiTg4ckQ3t3ediIiIklxKdQCc+tAk+Wb2JmimhqMP6ov5T5yuumf6mv2UVRKKymerC2VzZQRRR7C+Ioz5hRWYurlUZm4tk9WlQdkejLBDgIiI9khFMCqhaOJXAHAsdgAQERHR7qVMB8CNL0+XSdPWQ2kKt5yzNz6/+6gWPV0tLKyQr9YVQ1MKnuqRGUMpeHQNHl2Dz9AQtGwUhKJYUlwpS4srZVlJFTsDiIio2crDFkIV4YSvACC2g75d0t3efSIiIkpyKdEBcO87c+U/78+HZuq468LReOKy/Vv0ZPXRym0ya2sFAqaOXU3L1JSKdQpoGjSlEDBS4vAQEVGSqAxGEa2MJrwGgDhATobX7d0nIiKiJJf0RQA/mLpOLn7sO5hpHvzztsNxdQsq/W8qD8nEtUWoiNpIN1sWzAuAdFN3e/eJiCiFaMqdGnxiO+iR43d794mIiCjJJXUHwNKNJTL61o+gFPDa74/BuWN6N/vJasqmUnlraQG6BDzQ9+CBTESQ42U1ZSIiSg0OJ60RERHRbiR1jvuhd02A2IK3/nB8i4L/d5ZslS/WFaOT39yjMkwCwHRhDed42LD1aZm+ZLjMX3WWVIVW8/GQiIiIiIiog0raDIAD7vhE5i0twNt/PglnH9CrWXF8cSgqL8zLx/LSEDr7zT3+bFsEmUZqpv9HooWytehVbCv9GOVVk7Eq/3YoBVSFlmBK6UeYvmRf6ZZzMfp2/x2zG4iIiIiIiDqQpOwAuOuVGfLUW3Px5l9PavbI/8riKrn3l7XI9hjI9bYueBcRGAmu4Nxa+YVvSkHxC5i2ZAAi0TJoWvUy1CqW0QAFKAWUheagZNMc/DC/i2T4D8SAHn9Bdvp+qbWzSaCsKiKbiqqwcks5lm0sRUFpCEUV4V3O/3VEEPAY6NMlDT6/BwcOyEFeTgC9Oqfx+FPSKKuMyLayEIorI1iSX4atRVW7/Pne3TIwvEcGctI86N0lnecyJZXyYFSKK8LYVhbGrHVFKCsLozxkYfNuzusaUdtBn87pyPAb6J+XicFd09G7cxpy0r0819uZtVvLpbA8jJ+WFsCynEZ/Jj3gweh+OeiR7UffrrzeUWraUlwlW0qCWLypDPmFlY3+jOMIDhzcGT1yA+iR40dmwMPzvR1Jul/m9BXb5LBff4zbL9kXf29mtf9Ja4vk9WUFyPCZ6OLVEdA1+A0daaYGXSl49NjSf15Dh0cDTE3B1DUYmoKuFHQt9jO6UrWB/+DsQNIdmx1FooWyKv8P2F76FqJ2OURiQX7932r9nH+Rhv/fcQBN02AaPZDX6SYM7nl/0u+zW2atLJRXvl+FHxcVoLQ8jMpIFFVBC07UhhOxoXStWct+iSMQ2wGUguEzoJka0vwmAh4DmekeHDG8G84/uA/26ZeD7BR9wMy99G0JhW3oLSy8uafsqAOvV0fxGxel5PFy06bCSvlpSQHem7IWC9eWoDJiIRiyEIraENuBHY79d1c0U49thkKaz4TfayArYOLk/XrizAN6YZ9+uUj3d5x6KvlFVdLn/Dfg75rYJfmCBRXYOO4ydM/xd5hjXV9JRVgWbyjBD4u24v2p61ERiqIiZCEcsRCK2HAsgR22aq+/WgtW+XEsBxCB5tGhGTq8PgM+j45Mn4nh/bJxwcF9cdRe3ZDXiZ25qWJbaVDGT12H//24BgWFVagIW6gIRiGWAysYbfqF1fduZWhI95sImDq65QZw80lDMHb/nuiS1TG/f5Tcvp2XL09/vhSL1xajImKjMmzBithwohacaNP3eN0bO9cDfgNpXhPZ6V6M3b8nrj12EAblZfJcT2FJ98sLnPe6XHj8YPz3hoOb1bbXF26WietLkBkwETB0ZBqq1R0AmlIYmMQX8S3bX5ONhf9BedUPtX8nqu6X2eCr3MSs//rFohyJbUoBnTPPQf+ut6FT1lFJu/+JsH5bhXwydR2e/moFNqwviT0sqthBrgn0lQKUtudBrjgCQGo7ZsSR2O9LBI4t0EwNJ+7XE5cfNQCHjuiG7tmJPyfzt1eK1oJsmJmrinDJk5NhWTa0BNXRcGwHhqHj9dsPw4GDO7fpe9u2oGc7ytDYVhaSHxZswYuTluOnhVshthM7nxs5twHV7LXsd3kuWw4yugRw+wlDcd7hfTG0Z3bKHM/yYFQqglG0pI7suz+vxd0vTIMnwUvyRcrDeOLmQ3DuwX3a5P1EgB65ydkRXh6MyvptFfhy9iaMn74Bs5cUQERi1xxVczNUUNWXoJaez7s8Lo5Aqk/0+ud5zd+ffFAf/Oa04dh/UGdktNOOr5KKsFSFbbTi9rdbIrHrUVve99YVVMhLk5bj6c+XIloRgWbo1ZWwYudKc8+TRq93DuDYNjzpXtwxdiiuPWkoereje0eNzUVVkuiFThwHyOvk3rUof3uVxPNcB9r+WaOwPCQTpm/Awx8t2uEZtg3OdQHEtgEonH5YP/zpvH0wsm9OuzvXE/F735HjSMI6kpPqFzb2z1/L9qoopj82tlnteuSXNTK3sApZ6R7ommr3HQDLNtwpRWWfoTK0rDr4rPs3aSLQbzDqj6Z/vubPthP7uTTfUHTKOA579/9X0h2HeNlWGpJXvluJ935cg/lLCqAMDbrPTNhI9o7EEThRB1YwAs3UMKhPLs44qDcuPXoARvSKfxC1anOZDDrnNRgtCGSUocOb5XPleIVLQxDLbtP3tMrCmPXGhdhvYOeU/R4UV4Tl9R9WY8L0DfhxXj6ciA0j4IHuSVydE8d2YIct2CELgwd1wgVHDMC1xw9GTxcf6prjhAe/km+/Xw2tBdPKdJ8JM93b9EU5XpRCtCIMOxRt/XsBcCIOlr11EQb1SI5Rnnlri+SjaRvw06ItmLJ8G8IlIeheA5qpJ/Rc3h07bMOqisDM9OL0/Xvi4qMH4owD+yTFMWwrh9zzuUybshZ6K2ot7Y7YgB2MoOjLa1s93eKV71bKC58txewlBdAMDYbfaFXn/S7b7TiwghYAwUEjuuPW04bjvMP6tYvf/32vzZLH/zujRdfDtmCHLLx0/3G45oQhCT+O//h4kdz1jx+h++I7Y9oqD+Prf/8Kx43Ka9U+/rBwizz32RJ88ss6OJYTu9fH8RnWDluIVkTQf0AObj51OK49bnC7yPjbXh6SLqe+At2f2JnyVnkYF567D96+88i4H8Ok+SV9Mm29XPPMT1j5n/OQ5dv9yXPVxCVSFraQ5jfhNfU26QBQAJRSGJGbPL22kWihLFl/C0oqP0PUqgCA2l735gT9u8oGaKxzoHowA051R4Ch+eH3Dsfw3v+HbjnHJ81xaUtrtpTLdf+egunLChAqj8DwGdC9yVUeo7YzIBSF4TfRo1MA5x/RH/f+amTc5mVtLKyUgVe9l/CRzGQSLg1hwYu/SqlR6xorNpXKlS9OxaIV21FVGoJmarHU1UR3ae/AjtiwglEYARNjBnfGW3cembRZFlc9+5O8+8OapAowE8WOOlj+77NdrVGycG2x3DduHuYsLcD20jCsYBS6R4+l4if5Sj2O7cAOWQCAnBw/Lj9+MB6/tH3U27nuX7/I618uh5nmievnhLZXYdN7l6DrHg7I/GX8fHnu40UoKQ1DaQpGHDssdiSOwApFAQHyuqTj2RsOwqktWM0qGT396WK593+zEn49tMMW3vrdUTjr4L4JP37jfl4rV/zjx7g/E0arInjlziNx0ZED9mgfv1+wWa7/91Sszy8FBHHt5GqMHbZhRyykZ/rwm7NG4I/njUrpc720MiLdL307odcMIJbJ9+tz98bfrzgg7scvae6g1zw/BVOfOqNZwf9lExZLSdCC12y7L6TlCHQteYL/0soZMnfVOfLjgs7YVvouLLsCWnXajsjOwXtNGn91JlrtFovoURvh17y2NnMRgF3v9TXvW1NE0HaCKA/Oxs+Lj8eGbe+0q2UE12+rkBP+9KUMv3E8flm0FbYA3ixf0gX/QCwVUvfGRtc1Q2FzURWe/mgRul78Fs57/DtZs7W8Xf1uaM8tXF8s+97xqYy88QPMWVSAqO3Am+WDGfC4HvwDgO6pPo91hRnLCzHwmvdw+l++lo2FlTyHCWsLKuT2l6ZJ+oVvyJg7PsHX0zagqCICzdDgzfLB8JtJH/wDgKZrMNM8MNM8KAtG8eyHCxE45zV54O05PM+bSRkKG7ZVtvh138zfLDmXvyOPvDEH5WEbZpon4Q/ySlMwA7Hf/5bSIM756zcYfdcEKSgJ8vefQvYdkFtdUTu+NF3Dys1lLX7dhu2VctS9E+Xk+7/Axm0VMHwmzLTE3+t1rw5Phhchy8bDb85BtyvflR8Xb+W5nsSS4i561t++k2euPxgDd1NBuqgqIqe+NVtKghGYLSjgsyuOCKK2g1yfiWE57gf/ZZXzZcayI2XGsjEoKBlfM2Un1lanYQBff5N6GwQQp3qTpl9Ts2GH1zfoYFCxaQFdc8aid5cLXT8+beWmF6fKkGvH46cFW2BWp0OnwkMlEKs7oFenvZoBDz6dsg5DrngX5cEoL7Yd2NKNJXLsvRNlvxs+wLKNpfBkeJP6vFaaFjuH07z4Zm4+Bl71Hq5/7heewx3UK9+skIN/95kMuepdvPDZEgCxEduac7gt5u+7RdM16N5YZtljb81F7qVvy1s/rk7Zc91JUMuVpqGkMtLsny+tishJD3wlY38/EZGwlTSdRbqpw0zzYPmaIvS79n08++WylP3ddzTeNoo1dktTmLlqe4te8uDbc2XIteMwY3khzDQvdFN3/Tqp6RrMgAcVwShOuOdzXPbUjzzXk5TrV8YlG4pF83tx0SG7Tu1Zvr1SLv5gIWwAht426UeWI7AcwdCcAPpk+Fz91lSF1snUJQfI9OX7orj8RwCAru0QlKNuZL8mVV8aGd2XeqP7DgBbYlv9Uf8dfx5omCxg13ut19sdh4+YmLpPX/V8NXeTdL38bfnvp0th+I2EjwrEg6brGDq4/Racot07/x8/yn63f4pfFm+FN8fvWt2KPaV7DZhpHvzvi2Xodvnb8u28fD40dBB3vTJD+lzzntzwjx8xb2UhvFn+6myV9nk582R4EQpZuPqJH7Df7z+XsqpIyp3r6XGeD11D6arZo6Jfzdko/a59Hz/My4c325cUgf+OdK8BpSv89pmfceIDX6Xc770jSlQpF6UprGhmtkt+UZUMufUjeeydudA8BvQE12RojpoMqHcnrcTgmz+UzcVVPN+TjOtXyEc/WIRXrz1wlz+zeFuF3PjpEjgATLNtTvSI7SDN1HFYz2yV3YxpB/FSGVohM5YdLz8t7Ivy4ExAYpV1a9L6dwz6d5fSX5v+v0NKf42mgv76n1FTN0AcwBETBw/+wq3D06aueu4XOfOhSagI2vBktJ8HTMeyceCQtq1+T6nhqzmbJP3CN+TTyauhmSruc3LjSWkKngwvKsI2xt7/JS57ejIfGNqpimBUHnp7jgTOfV2e+2QxCsvC8Gb520WHbHPUZL4sWbYNva99H78sSa1U2ZNH57VoGcU9pZTC6q3lu/25P7wxW87889cIR22YgeS+Bmp6bCrL5PmbMeiG8VKagh1AHYmdoHQXTdewLn/3nV3fL9gsg64fj41bymGmeZKyo6uG0hS8WT5s2laJgdePx5KNJTzXk4irZ87X8zfLbWfthUyf0WQktqigQn796RIAgK63PmBzBKi0bPTJ8GHfrhmuRYChSIHMWXmuTFk8GEXlX9dW9K8JwHeX0t9UOr/sbkPDGgE1nQW17+soiKPgOAphGxjY7U7kZIxO6Ui5tCoi+97+sbz91XIY/vhWRHWDE3Vw8F7d3G4GJdiVz/4kp93/JQDA8CfH/P62oOkaPJlejPt2FQ6881Op4NSWdmff307AI2/Nhe7RY2n+bdSxn2oMvwnLdnDcfV/ggffnp8x5bidoWFTpGmavKtrlz5z616/liXHzq+/tqXMeGX4T+durMOzmD1FSyU6AZJWTnjyDRX/7aKGcfP+XULpKqcK0uhmbwjXq+vH4as4mnutJwtUnxoWby3HALtaOXFRQITd+uBBRERit7G1WAKKOg6gjOLh7FgbluLf81II1N8jPi/phS/H7cCS2nN/uUvqBuoDdrh/wo+mUfmDnlP4dpw/EOhMUHFEQUbU/b9mCnPSDsE//x5PjyreHVm8pl0E3jseSdcUpPTraFHEcmBkejN0nz+2mUIJsLQnKoBvGy1tfLIc3y9duAv8GBDDTPZi/ejv6X/s+Vmwu40NDO3LpEf0SMoKcCmL1AXQ8+p8ZuON/M3me16N0hZWFTadFH/y7CTJpyrqUvbfrHh0lpSEMueVDlLITICllp3uVSoKn4L+Mmyd/fGVm0tS1aClN12CkeXHa/V9g7prtPNeTgGtn0Zw12+Xqo/o3+e9rioNy/fgFcBRgtMHJXmU7SDN0nD6ws+ocp2XTdmd1/v/J13M7yabtL8ByqlC7WzsU4qsf3Nefw79TcN/I6H7ta6q3Bin9TQT9O3JE4DGycfyoaUlw2dtzCzeUyMhbPkRl0Er6tMA95dhA12w/eifpMmrUtqYs3yYDbhiP/O1V8Gb53G5OfAlgBjyoDFsY/ZtPsDy/lA8N7cRVxw+GHbbcbkbSUJoGT5YPz703H79NgU4AJ4Fp0Vs2VzT6b0fd87nMWRqrGZHKDL+J8tIQjvj95243hVwmjiB/+86r4fx1/Hx5+I3ZMPxm0mQj7And1GCme3Ho3ROxpqAi6a9z7Z1rHQB+n4nMJubebyoLyw0fLIgtzdcGaf9By0G/DB9O7JfryjenoOQr+XHhPrJ0092w7e2xgy47BuR7kNKPRtL5q9+75v3rp/TXjvLvEPTXlRXQ4YgO2wEOGPyOG4eqzWzaXiUH/uYTKENLqbTAFhNB965pbreCEuCT6evl2Hs+g1JIqfS/1qrZ1/3u+BQrtzAToD3o0yVddemaDjvqtP7N2oma+bLPfbAAd74+K6nP8y6ZvrrliRJwXHZ07INfybSlBfBkto+OfcNvYsXGUpzxyDdJ/XunOBOgMtSwY/SZz5bIX1+bXT3NL3WD/xqx7AXBqDs/dbspHZ4rHQBrCipkWI/MRs/komBULnxzDgrLwzBaOVfbcQRBy8aYruk4vFe2K9+cqUtPltkrTkRF1XzoCrHAvKZ9aH6F/ho16fw1o/u1W72ftxtJ6d+RQFVvBkQMiJgQ0WDZFnp3uhJ5uSen7JWmrCoi+9zxMQCVkqlSLSLANUcNcLsVFGcvfLFUzvnTV9A8RvtM+d8NTdfg2IJRt3+CglKuo90enHZgHzgRZgHsyEzz4p/vzMUbSbxMYL+u6VC6giQoE6A8WJcef+2LU+WXOfmxtP+kPUItZ/hNfPHTOjw9cWk72itqERHMX1dc+8cfF26Ru1+alvIj/zvSTR2RijBO/8vXPNdd5MqTZHYT87VKwpZcOn4Byiojra72b4mDsoiNU/vlYm8Xiv0t2/iAfDnTI8VlXwAKdZX90TClv75dVeivH/Q39vNNje7XURBo1VtN0G9U/3zsdZYdQbp/NA4e9mpKX2lOfehrVJVHknJplLYmjuDMMb3dbgbF0b8mLpXbnpuStEtbJYru0SGWg0Pu+sztplAbOOWAnnCittvNSEpmuhfXP/0TViVp7QstwZOii8ojAIDPZm2U1z5eDMOfmGUIE81I8+De/8zANnZydlgrC2JTXkoqI3LaX76OLR3ZjoL/GmbAgy+nrMN7P6/lue4SV54mc9Ian4N/2+fLsG5DGUxP6y7uYVsQtQVX7tUdvbP8Cf3mlFTMlh8X7CUrNj0ERyKAan1Kf4NAvyadv4mU/oZZAbGU/thmxP7sGHAcrfZ1NbUAbIlC09JxzN6TEnm42tyt/50uM5Zt6zDLSWkeDV0SfI5T4rw/bb385p+/wJPh7ZAj/zvSvQbyCytx1H0T+dCQ4o4Y3g3p2X44NqcB7CjW0adw8oPJeT+WBA+929XnyNVP/Agj0H5WPNmRbmqACE7967duN4Xq0RJ0vokjWLIpthTgyQ9/g2jEated/p5MH6599idwpR93JPzMKmlizdN/T1kvU+ZthsfXulHbsrCNbI+Ou8f0Ubl+M6GB0Yzl58lPi8egrGpR7Yh/c1L6GwT7aCTgrxfoN57OXz/orze6Dw2ABhG9QUfBjp/nIJYxMarfM/B7uqRsMLlsU4n859MlMHztc3RgR3bExgmjWf2/vZq+slAue+w7mOntY55rWzECJqbMy8efx6fOsmm0s9wMr+rTPQNi8dfYGN2rY2NBOW55cVqHPkCaqeHy56fiiD9+KWXBaLtbxndHutfA/OUF+GT6+g79e++INI+OaUsLcNVzP8u8JQUw/O373q80hWjYxq+e/NHtpnRICb+SZjdSgf+r5YXyt8+WIpDubdV7V0Yd9M/w4tf79UpoELu15Ev5clZX2VI8Dgo2ajoLd5fS35xl+ZpSl86vVc/fj22xdH4NIlrd+2CHIoGo32mgELXD6JYxFoPzrk7Z4B8Azn74OyhNtct0qcbYYQtXHzvI7WZQHBSVh+X4B76C0rV2PQKwRySWIv3I67OxbBNXBkhlh4/sDnGYAdAUw+/BfycuxaINJUl1nksCW6M0hdmLCzBraUGHyezTfSau+efPbjeDEkzTNWzYVoF3v1vdcc51r47JMzZiZZJOd2rPXH+yXLa9Sm55ay68vtad7KGIjYO6BBIe/E9bdrZMX3oSonYBahYsqB/07y6dv/kV+lEvnV+vl85vAPVe69Qr/Fc/8K97j9hWs0pA1Aoh4BmE40ZNTOmo+d2f18rKtUXQvR1j9B8AxHZw4NAubjeD4uDwez+HFXE6VLX/ltCqO0Z+9TBTZVPZHWOHQrGDa5eUpnDps8kVDPo8OhK5OLputvPVfHag6RrKy8L4+0cLGRR1MErTOtR9X2kaxBHc+cpMt5vS4bh65y0OReWy12bDilpAK+4lwbCFI7pn4OqRPRJ2R9pa/LV8NaurbC36EJoWa/6OQXdtpf4mRvebrtDfeEp/XTq/3qCjYMdsgvr/H0Dd9AFR1e+hELHCsGwbpt4dx+39VaIOW9zc/tI0mBmtyyBJJXbURs+eWeiezfn/7c3lT/0oq9aVJkWqq2M7sKM27LAV2yJ20szZ1r0GVm4owZ/fnceH5BQ1sEemUm2w1G97ppk6li7bhl+Wb0ua8zwn3at0dtzElWboeGbCYrebQRR3ZpoHX/y8Buu3VSTNNa4jcPUK/qdPlyJ/YylMz56P/ofCNs4f1BnX7JOXsKeIOSuuk+nLjkfIKoCmtyylv6mzu25Zvl2n9O/YybBzSn/1n6XudYAGgQnbUQhHg3DgQ27moRgz6L84/7AtKjMwIKWfwF77fpWUlISSJlVaHAd2xN5pa8vAyYlYOHqf7m7vKrWxSfM3yzuTVsJMcy+TxY7aCJeGENpeBbEFGWkeDOmTjVGDOqNLjh+ariFcHES4OIhoVcTVFG5PhhePvD0XReVhPjikqGNG9YAdjd855Nix67EVjCJaGUG0aoet+u+SqXOrPqUpQFO471WOkHUkukfH5o1l+GbeZl7bXGYn4XWhvdE9Bu7532y3m9GhuPaU+d7CrXLHf2fC14oCV+GohVMHdMIZgxNTuK4stE0mLzoM67a/hJpYs8FovaNq/645HNHrMh9Eqx3VV/Xeo/577XgJqp2HpwBUv1ZEr/0rBxoEAhEbllMOn6c3huRdjuG9bkWat4cCfknEYYu7e96e4+qSf+I4cCyBY9lwog4Mv4mhfbIbJLXomsK6oiqUbK2I1SnQVazDQtOg6QDQstoFTtTBIcO74RXX9pri4dp/THalyrU4AsdyYIct9OuXg9tOGorj9s1DboYXXTN9amu9ny2uCMv2yghWbCzF+7+sw7s/r0G0KgLDZ7hSnVszNNzw7ykJ/1xqG785ZRgmTdkA3dzzZwGpntcmAogl1ddkB+IIMrqmoXe2H/v0zUGPHB+iOxQdVADCtoMFa4sxd2MpgtsroZk6NEOHZsSWyXW7rozhNzFlwRas3FImg7pnpnSHPTWfme7FXa/OcLsZHV6vrunYWFAJjdlKcWP4TXw8Za3bzehQXOkA2FQWlsMf/x5mK4K2YNjC2IGdcHWCRv4nr3xSvp3bC0qFoau6Zft2Napfo+7fVW2AXvtnZ+fm242+tvrPjRQGFKfu1+hAAyBwJALHicLQ05HuH4EDBjyGnrnHKuBhxLb2YUV+qYy6/RNXRv/tqA2xHAQCJi47biCuOWEw9u6XqyIA5uzidRXBqKwpKMf8NcV49btVmL+mCEHbQbQqCnGk+uFTa/KhU5xYJ8ORw7smfJ8pfk599Fv5Ztp6mIHEVv61glFouoZLjxmI/7tif2Sne9Utzzb98znp3p1OzI+mrpObXpyG4qIq6F4jod9HzdDw6S9rsXhjiYzolc0ntBRz0LCuUJpAHGlRoG1HbTjR2N3S8BnwGwb69EjHBYf0xREjumFE7yxkpXnVdgDbAcxtQZvWbi2XFyetwKvfr0RJaQROKJrw83pHus/Atf+e6trnU+LpHh1LVhdhS3GVdM8J8Nrmkv3652DDlnJA7zhz893yyPj5ct85+/BcTwBXOgDueH8hQhWRPR79j0RtnDKoM25OUMG/CbOPkuJtd6Cm5o0tu/9YqR3/3THobzyIdxq8Fk38fN3rHDEa/XlHwrDtMPyePHTNORIHDn4GAW9XBRybiEOVcP+cuAx2yIKe4Pn/dsRGwGvgL9fvj5tOGKKeehN4qpmvTW9kecrSyoh8PH09PvxlHeauL8GmDSXQTB2G39zpodixgc65AQzrmcWLZDuxYH2xjLntk4QG/+IIIuVhHDWmF9797ZHIzfCpF2/Zs/c66+C+CgBe+WaF3PL8VFiRaMKqGCtNAQLc+zrTB1NRhs9Uh93zucxZWbjbIq7iOLCCFpyojZxu6RjTrxNO2C8P5x/WDz1yA2obgFlt0KZ+3TJqr62rt5TL79+YjU9/XgsHNoyA2fw0vzakmzqmL9ra+jeilKKZOv7vg4VuN6Nj4wyAxNAUXvlmldut6DAS3gHw5tzNcufLM+DdwwfdaNTC8QM645b94x/855cul5nLToAV/gG10f8ubvwO6gX6e5LSX/1fhXpBf73OA6deyQbZ4ZUiDmwnDJ+nL4b0ugaj+/9BAe8gtrVfPyzckvD0fztio3uOHzP+cRo6Zfja5DzMSmu4PObC9cXyrwlL8eo3KyCOA81Tb/TJcdAt24/18d5PR2CHLFhG80e9lO5eBVs7YkPaeK6eE7Zh2fF/2r/gqcnQWnCcW71ftgOxHPzzjsNx/fFDVO6DbfO+Vx03WBWUBGXfuyaguCSUsHPB8Bv4ZtZGFJaFpHNm23wnAaAiGIUVjLbovFKGexXLHduBE7Fb/0YAHEtgO4mJdM88qDdmLNjcZAeAYzuwQxYMv4nrTx2Gq08cgtH9ctUEABMA3B7Htg3oHusM2Li9Si75+w+YtngLzDSXCs6K4KnPlshvTh3Ozt8WqJki4tixZZCk+ryuqa8QS+12f6pHYzRD4Y3Ja91uBqWIunMdgEjtvUtpClCx6adKJem5rmsoKKpCflGV5OUy4yXeEtoBsK0yImP+9DU0Q8OeTBUNRyycNLgL7qoebYqnKav/KdMXD4PA2Wm5m12m9EtrU/pVrDZANWcXyyMIHDhOGCIKfk8fjO73ZwzucYkC/hDvw5MU8ourZMCV78LwJ27U1I7YyMnwYvaTpyO7kVTotjKyT07te7//8xq578252Li1vPbB5cwxvRDvmYF9u6ar9yevEb+veZcJv0fH94sL8OSExRDbSdh8cHEcKF3Dnb/aC8fu1R3BNgqAAKAyGMVe9X4X8fDJ9PVy7kNfw5OgLBY76sA0NXz3yFjsN7BTm+9b12y/qghFpe/NHyJYFk5IJ4DSNEQtCw++M7dN3/eRS/bDpUcOgNHM1O8Mv4m3flyD/01anvB1nO2wjRMP6IkbTxwS+3Mrg3fHEfTtmp6Qh7BTDuiFP702K/Zdrr5uOHasJoWm6xjSJwvPXHMgjhzZXT3zDvBMIhq1g16dYg+k97wxW558ey48GV4XHqIVXvthtQt7n3rEEdhhC0pTML0G0jO8OHxoVxwysBNG9MlG1HKweEMJfl5RiBkrt6OiMoJo2II4At1rJFGApBAMRbCpsFJ6dk5LlkZRkrHDNsSxoXtNBDwGRg/qhDEDOuHgwZ3h9+rYuL0KU5YV4vvFW1FQHEQ4EsukcntqU31KUwiWBPHeL2vdbkqHkNAOgLs/XoKqYBTetJYHbKGwhRMHd8Y9h/aL+wXws7lnytattwIKUKgp7BfPlP5Y0K8aee2OpPpVlh2EiIaMwHAM6XEzRva+SQGXxPvQJJV5q4vgRByoBN4TlQhevv2wuAb/Ozr3sP4KAOavLZLbX5yOn2ZvxEVH9Mf9ifjsI/q3eD9zL31bQjaQqHuKYwNeQ+H3Z+/d6PSKZHfzv6c2OtUjHsQRiGVj5tOnY3Be/KaQpPtMVRGMyqCbPkBZeSQhWTpmwIP/TFzWpu85eA+m2azZWi4vf7gw4R0AVjCCG04cgpMTkB3X1kb2yVF9r3tftpUEoUEQrYxA9xm4+IQheOiCUejdOU0d+aTbrYx5/NL91O/emC3Pvj8/4fU6oCms3ViK4oqw5CTwHpRqrGAUjuXg4JHdcetpw3HeYf1UKYB3q7emfDJzgzz7yWJMnrcZmqnHrlsu1+BXmkK0MoJXJ69xtyGUlOyoDTtkYXC/HFxxwmBcc8xA5Gb41FcAdrXA9/x1RfLo+IWYOHMjQpURmHsQl8WD5tHx7fzNbjejQ0hYB8DW8pDsfc8X0D0t/8hI1MaRAzrh/iPju1xdVaRSJs0bg0jwYygFOPUPTwJS+pteIrD6vw4gsGHZQWT4huPQYf9GXs5RCrgpnoclac1bUwTNk7ieSzvqIDfHj7Gje7ry4LVPv1wFADNXFsrAHqwE3R588Mtaufjx7xKWUmyHLfz3t0fGNfivke431dKNJTLmN5/CsZ2EjDIoTcNr36+Sy48e6Nr3Q1wMGBw3P7yVhvbPweafy2D4DNx81l6477x90CXTp/67h3Up4ulvl+6nznr8O/lq+saETkHTTQ0VpSFMXVHo9iFIWtGqCEb2z8WLtx6G/QZ2Uj882vzXnnFAbwXEarKc+9j3WJdfmvhOnsYohZlLC9xuBSUZO2zBl2bi9XuOxqkH9Fa/exb4XTNfu0/f2PNkcUVYLvnHj/h21iYYfndW8qlP9xqYsZzXt0RI2G/6zrfmxeZftVA06qBHjh/3HN4vru3bXLZavpzTA1Z0MQQmHDFjQb+jx7Z6o/w2YsH+jhtQvSpA9QZRgGhwHBMiBkQM2NBqt/pLCNYnUrc5joI4gG1HYTthmEZ3HDb0dZx7yGIVC/47rm8WboFmJHCurQgOG9HN7d3GAYM6d+jfe1NSMfS59eXpCZvCEi4N4bpThuGiw1ue1bGnhvXKVpecOAR2uO2mZeySAp6csCRRu0dt6PyD+mD03t2x6X8X4MlrDlRd2rCWQzy8cdvhMEwNToLXCFeawsSZG9ze/aRjRx1EqyL485UHYOaTZ6jWTG/au0+OWvavs9XJh/ZFtCrs9q5BM3TMXVvkdjMoSYgjiFZFcOqY3ih67SJ1anXH1Z7ISfeqz/90gnrp9sOrpxG4W/FQ0zUUbi3Hys1lqfhIl1IS0gGwurBSJvy8FkYL54JGIzY6Zfjw/KnDkeU14vYwMGX1v2TKwmFw7DIo5YWIVr3Vq7pfb9sxcK8L+jXExvs1iJjVmwEHqnZrisRq08CRhu8ncBC2quAx8rDfgKdw4aGr1ZC8S5P6wShR1hdUYI+KSbTCsB6Zbu82tROT5m6SoqJgQlL/7aiN7nmZeOa6gxJ+7Xj++oOU4dNr61fEk9IV1uaXobgizIeHFHPtcYPV9MdOUamS2p7uN9WdZ49EtCKS0M/VPTp+Web+CJnXjC05nAzsaOzJbMqTp+Pus0a22fnz0d3HqJvOGoloZRhw8azUDA2bNpRiTUFFchxwclWkNIQ/Xbwvxv3+mDY7Ky87dpB67/fHwIk6rncCKE3DvDXs8Iq3hERPv3trLjRDb9GDrogg4Dfw3GnD0SmO83q/XPhryd9yMwQOAG8sAEdss+ttgiZG+h29+jDqcMSo3vSdMgMa7FvN+zl1m1RnC8SmCCgINESdMEQ8GNX3QVx42Gq1d5+bU+LBKFHWrCuGbia2AyCBhdqpnbvvzbnV1afjTywH4+4+yrV9ve20EbVrtseTpmuoLA3hk5kbXdtX6jiuO34wfGmePcpu3FOaqWMhpwDUEkeg68C0J07Dvv3bvqjpk1eOUcfs3zvhHT31KU1BHIkNelDHpYBIeRj3Xb4/7jt/VJuf66cf1Ec9dcPBsZVvErQCTGN0j47PZ/EeHm9xD2fyi4Py9cwN8ARaUBBJAMty8Pexw9E3K35pgB/NOFzKSp6FAw8E+h6m9OuwRYctLUnpj22xQF+v3rTqDYjaUVi2hW6ZJ+Lyo4rUAQP/yMC/EQmfq6QUvl/MdZip9dZtq5Cla4qgEjCFxY7aOGBYVxw0uItr15FHLt1PiZOYkQXN1PDptHgvkkkE9OwUUAN6ZkGsxI2YKU3BidpYu7W8w48GiyOIlIcx7t5jsXccV2uZ+KfjVc8u6bDbcIWZltK9Bn5hHYAOLVoRwa1n7YUHLxodt3P9+hOHqKMO6gM7HHVtPzWPjonz+awdb3GPoH7/3vyWFf4TQSRi4eFThuOAvPgVOhs/bYREwj8BmgmBqk3tjzUhfin9NaP7NYF/7P1jKwtYdhShSBXSfXvhjDEzcMp+nzDwTyJKA+atYloStd67P61BuCqSkAwAqzKC/952qNu7jAuOGgArFP8HaN1r4IvZm9zeXeogOmd6E54yq3l0zFm13e1dd120MoK7LxqNk0flxf1C+uSNB8Gx3OsAUJrCrFXM/OiorGAUIwbm4olrDoz7uf7e7UdA8xiuZQFouoaibeWufHZHEvcOgAkzNkA3mz/KFQk7OGtMT4wdEp9CZ+XhUhk3tZ9Y1mJA89VW4o9fSn9N0K/XBf6iQQSwRcF2YlvYqoShd8ZRe72G8w6ZoTqlD2fwn2Q0XUNFRRgPvju3w4+8UOv867MlMBKw7I4dsTByWBcM7hH/qv+7c81Jw2CH4j+qoOkawqUhLN1Ywu8pxd3AvIyEf6ama5iybJvbu+4qO+qgd99s/PXS/RJybTvjgN6qe15mwos+1lCGjlmrOQDRETm2A49HxxcPnJCQz8tK86ibThmWkGl7TVFKsZZPnMW1A+BvnyyWaNCGUs27PkdCUQztnYk/x2kJp5JggXw+axAcay0AX2y5prin9GtwRK/tYLAdwBbAkVh1/6gdRtSOoE+ns3HZkWvVkB4Xuv6gTk0zfAaeeG8+ZqzYxgsT7ZHVW8olP7+8RR2jeypaGcFvThvh9i4DAPbqnYVAli8hD9C6z8DnrANACXD40K4JKeRZnzI0fNXBp6M5UQsf3X10Qj/z5RsPhuPSNADd1JCfz1HRjsiJ2Ljx1OHomuVP2IXmgfNHQRxxrSCg0hS2lgRd+eyOIq4dAB/O2Aitmc+44giy0jx4+Zy949KWTUXfypezB0Cc7YAK1Kb0O3FK6XdEg+Oo2CaxoN8W1NYSsB0bYSsIv6c3ztj/B5w0+m0G/i0kLvTEK02DY2g46t4v8N7kNewEoBZ77btV0L0tmBa1hxzbQXpuAKeN6e32LgMActO9anDv7ITMl9ZMHeOnsA4Axd/2isRXiNd0DSs3lLi9666xwzaOGp2HkXGc99+Y4/fJU0Z1QT53KJRXRfjc0cEoQ8Pjl++f0HM9w2+qkw7olbglfBuRX1Tl2md3BHF7Ct1SEpSht3wM3b/74n8iAtt28P5V+yM3DhX/84u+ke8XnQ4ogUIadnftlnr/p+7/xwL7un+q+bOKZRJAILX/f8f3UfXqCwCORCAwsHefO3HY0IcVsH9b73KHkJPrR0XUgaYnthigpmsQJbj8iR9w1iPfyOt3HImMOK5UQe3LvyYtT0gHgFiCIX2ykJuRPMuqDcnLwMKVhYh37oNu6pi1jAWzqPkKy0JSGbKwobACYcvB4vWlKCwNwe/VMXt1ETZsr4KxQ80OXVN4+KNFLatz1EakA4eBVjCCp649EMMfTPxnX3LcIPxv0nIY/vhP4dqR0oCgi4UIKfGiVRHcf/G+uH9c4j/7hlOG4fOf18JoRhzX5pTCD4t4D4+nuN21Pp25EZGqCAKBXV8kxREEK6N49JJR6JXd9uktm4t/kG8WjIVSDhTMRletbRC0S8Mm1AX6qP1v/Z+p6UwQVK8SgOrAv/bv6xcXdGA5UWT6B+GM/T9Fhr930jyYp6IR/XMxbXEBkOAOACCWnmQGPPhi2gb0uWYcHvt4ofz+zLZbf5jap9LKsPS44j3onvin/4vj4Oh9umOa2ztdT8+uGQmLXDRdQ1F5SHIz4reSDKWWovKQzFpVhLmrt2NtYSU2FlZi5eZybCkNoeclb8MOWdCql5bVTD12y5fYOuzQVKPL3muGSvyKNB2YHbYwekQ3DO+V7cr3+qrjB+M/nyx2qQNAYUNhpRu7TS6oSb//9WnDcb8Ln3/w4M5Iy/QiYid+oA0AKiOWC3vdccStA2Dc1PUwAru/QFoRC8eN7o7L9usZl5H/bxacAqVsKNWwLbLT6H4NtUPQH+OIajSorx/0Nxz9r+s0ENFgOVVQyoeRfX6NI4b+WQHJkZabyg4c1BlTFmyJ+2jirphpHoSjDh54eQbyrn5PLjxqAP5xxQEMOKhRX8/fkrDPUrqGcw/ug8fd3ul6DhvSGc8lYOnDGmu2ct3sjqoiGJUlG0vw8jcr8fOirSiqjGDAjR8iVBmGE7ahDA1KV9CMWKBvpnngyfC63exmEwcor4pIRsDToe43dsTGCfv1xHSXPn9wXia8aR6I47jS8VNa6d7ybJRYdtjGoXt3R5ZL3/GcdK86+J7PZf7KwsQPtCnguwWJe17qiOL2G/1l4RYYzUiL86V58L/L2r6K64rNb8q3C8+AUgIoT22AXn8ef8Mq/XXz+GPz+2NBf02VfpG6VQDqagCoeu+HnQr/xTaFqB1Chm8YLjp0RnXwT23h9AN7ww66fzPUTQ2eDC9KKyN4/tMl8J/9qpz96LeyhFXIaQf/+WFVwmpXKF1hSF6W27vcQO/cANDMorCtPwAK701Z5/YuUwItWlcs9742Szpf/Z50vuhNHPX7iXj965VYvaUcpZURRC0bhs+EN8cPT4YXZsAD3aNDN/WEF/JrPUFhWcjtRiSc0hSOHNnNtc/PTfeq/r2y4Fhu3d75WNFR2BEbR4/s4WobhuRlurb8ZdjFVQg6grh0AGzaXiV22NptYZxgWRj/u7Lt579vKf5Zpq64EQInVt2/plJ/deE+kcaq9GvVAX914C+xAn6xIF/VVvt3HFVdxT/2c3WBvh4r/Fe9QQDbicCyIxiedzUuPWKGygr0S7UnjKS2T98cBDITU1W8OTRdg+7RYfg9+HLmRoy6bjyG3/qRPDVhsWwpDvKuTVi/uRwqQT3pmq4hKy25Rgf7dU2HZiSuiNa0lVwrvb17+6c1cvHff5CsS96W0TeMx1MfLkSoKhIL7r1GbYCv6Ro0XUvBQL9pzV1hqb1wbAe+NA/265vjajuG5GW4EhQpXcO0FYWu7jsljtgOBvXIdLUNe/d377umt6NrdTKKyxSA2asKoZm7futQZQSnH9IHh/Rt2yqu+UU/yFfzTwYQhaa8iBXni43y11eT0l87P7/mH3ab0g+I1KWw1oSeqt6bCICoXQWPmYtTRr2NXp0O5VkcB5kBjzr2ga/kl3n50Jox3SSRdK8B3Wtg3eYy3P3vKfjjW3Ox352fyB/O3QfnHMqOoI6otDIig24aD6Un7tf/yPvzJeB1c5JMHV1puOnl6QlNm93OZYTapbVby+XWl6Zj1spCXPn491Cagu4z4MsNuN00ijOPR0eXBC6H1pgB3TMhtjt9+puLeU3rKJSu0L2T39U2HDyoc2yaFLU7cekAmLa8EGoXz3hW1EZmmgd/O3svvNSGn7u5+GeZNH9sLO0f/up4XEGqI/n6VfobXLp3qNJf+9f1EiQc0er9ParfGVDVnQhO7b8JInYlemQfifMPmqiAQ+NxiKnaJYf3xy/z8t1uRpNqOgIc28HS9aW47InJ8J35qhx/QC88dNFo7D+oMzsDOog12ypQVhyCmZa4irp/fWee27vdkFLQzQR1ACggnCTZQdQ2vpi1US5/7hcMv/EDKD02hz+V5u1T63kM92+Z6T7TlWWIAcA0WHCyIxDHgRHwYFDXdFfbMTQvE7pXhziS8OypEKcAxFVcOgC2lod2OcrjWIKHztsb2W24dFpRxWL5ZObBsUK9EhsNrhvFrw7w6wX6jY7+Vxfsq/uRes1rpLO3/qkpAByx4DhRjOn/Bxw65D7371JNWF9QId8t3oqjh3dF324ZSdvO5rjmhMEq59K3JRK1XalS2lyarqGmWqHu1fHtvHx8NWUdel/3vvx67FDccNLQpEvXprY1a+V2OJYNpSUuYEnEagPJSmkKFVXu1wih1nvuy6Xy53fn44w/fgkzw+vOslTkOnEEGUnwu99/YC50r+FKUEQdi9vLfcbS8KuXQ0kgpSlEouzAj6e4REzzNpY1eVEUG+jSLQ0X7d92Vf+D4UL5fPZJcBwLjhhwBLXz9Gvm8NcU7JPqzamu9h/LCjAgYsTm8UPV/ltNuX+pN8pv19uk3ha1gzC0bJx30LdJG/wXlgblxD99IUOuH4drH/sGw24aj35XvSun/XmSfDp1XcrOUb/55KGww6m1XIjuMeDN9mN7SRD3vzwd/a97H+f933dSUMJaAe3Vhm2VXC4swawE1Rqg+Hj5mxXS88p35Y5nfkF5eRjebH9Sd/RS/CXDV7pXp0DCarkQualTpk95DA0sPtn+xOUKtnZTSZNTAKyIhXHXj2nTz3t/2hiErRIozV896t+wSr/UBvGxwN6pV6XfFr22uj8QS+lHTZE/NAz4HaB2WkHNJtAQtirRJeNA3HjcKtUjO/mWgFu7tVx+9ZdJknfRG/hx/mZohgYzwwelKWwpqcLXszfivEe/geeUl6XrJW/KI+/OkaUbS6QiFE2Jb/zDl+6nMgOepCkG2BK6qcOb7UfYdvDZ9I3oe9V7uOD/vpNtpewIaG/mry2qXWOcEiMSsbGVBThTzvL8Uhly6wfy63/+guLKCLxZPuhmx81moeRiuTT/n8gNLMbXPsXnabSJyrSRyiiO27cHhrdh2vm4qQdJOLoNCh44DnZTpb+uWn/N0L2ShkF/TaBfu+Rf9edIvYyBmkr/tiOIWlHs1fM6XHzo10n3DdlYWCEXPvK1DL78bUyYug5GmhdazfwxEQAKmq5DM3RopgEjzYOKsIUHX5uFkVe9iy4Xv4kzH5ok//hooSxP8iXtXvjN4YiWh91uxh6rW0HAxCdT1qPPle/i1uenJPUxp5ZZXVDBYjoJpFSsA2BbecdbKi2V3fPaLNnnpg+xcWslDL/JwJ+IiKiNJWw4yrEdmD4dT108qs3e85OZp0hh2Swo5a0N1mMp/TqkJtivTul36qX0Y4eUfgsNR/jrgv66pQJjywfWbAqWHYblODhx7xdw4t5PJlXwv60kKCfeP1EGXvUuxv+4CkaaCcNvALLjCLk03KonGxl+E54sH0QEE6etw93P/YJ9bvkQ/a55Vw753afy6qRlUlIRTqrg9OwD+6iTDu2HaGXE7aa0muE3oXtNvPTZUnS79G15ffLqpDrWtGcKy0JQjGUSjqMXqWFbaVAG3/SBPD1+Pgy/wcCfiIgoThLWAWCFbYwd0ws9Mn1t8jT2w+I7ZGPRJJhGdnVKvwFHjOqU/uqAH3Wj+2hBSn9d0N9wKkFNTYGIE4ShZ+PSQ3/EiJ7nJM3TZXkwKr/+18+Sd+Hr+GFePpSuYFQvjyeOVG9Og22nToB6NF2DETDhyfJC6cCW7ZWYvbQANzzzM7pd9Ab8v3pFbn1msmwvCyVFgPrp/cepjCwvHDv1K4cqLVbdujxs4bonfsSx90+UsmAkKY4ztVxZMCJbN5VB0xnUEO3oh4VbpP/147FxSznMNC9rZRAREcVRQu6yIgJN1/C3c/duk/dblj9OFm/8Dwy9U7NT+ncM+OtS+rXalH5HNDiOqttqpxLUTQkIWmXITRuOW09YpbpkDk+a4P/x9+ZI5/P/h+c/XQgz3QPN1JpVnbauY6DxDoK6joJYUKqZGjRT1S4L8vyExQhFkifg/umxU2CH7do2pzrd1GEGPJi6pBDdL3sXU5YWsBMgBSkkzaWCKKm8+t1KOekPX0AAVvcnIiJKgMR0ADiC/gNy0LkNljkrq9og3y35NTTNU1eev1kp/fVH91WDdP7alQGk4fz/uk1BIAhHq9AndyyuOuLnpHma/2LGOulz6ety3wu/AArQfQYc24aIU7vtapR/T4kjsCqjeOzmQ9Czc1rSHI+heVlq4sMnwwpasNvREiK6NzZyfMw9n+GfE5awEyDFVIaiUCppviZESeGW/06XG5/6CYbfZHV/IiKiBEnIHTdcEcGHNxzUJu/14fST4FhVAPQWpvTXT+dvfHS/LkSuXgawup6AIwqW7WCvnpfhwoPfS4qn+IKSKjnszo/k1N9PwJbiKpiZ3ur5xTvHhiKyw+bstLW0g0BsBwP75eCus/ZJiuNR3zF7dVdfPjoWTiTabjIBANQWCbzr5Wk4/+/fsxMghWwrCwOci05U67535spL7y+A4Te5ljoREVECxb0DwI7a2GtQJ/TODbT6Dj9u6klSGl4HpQfaLKW/5j1inQI7FvvT4IiDqBXEIQPuwmmjn02Kp5QHX58hPS/6H2Ys3QIzwxtbWqx2rUOJFftr8OeaAn9Nbw07BOzqzWmys8AKRvDJn05w+1A06agR3dSEh0+GFbJScnnApihNgxnw4JPJa3He339gJ0CKYHxDVOe171fJU+8vgCfTx+CfiIgoweLeARCtiuD2U4a2+n1mrHpSNpX8BEPPgCC2hN2epvTXVvmvF+jHDkXNqH/shxzHguM4OHPf13D40N+5/pQya0WB9L3sNfnLK1OgdAXNo6PpEftGAv2dOgWwm4H/xjsLohUh3HDGXhjaO8f1Y7Irx4/soeY+dza8Xh3RqtRfHaA+M82DTyevwXnMBCCiFLJofbFc/9RkaEbz6tQQERFR2zLi+ebiOMjunIb9B3Vq1fuUVK2VN34eA0MP1KbmA7GK/EB1WFovDKofEdVNCUC91+z80FHz+pqft50IHAHOHfM2BnY9xvWnlHMf+EwOumUclKHBzPQ1sqdN2VXTZZd/3On1CnAiFnIzfXju1iNdPybNMaxnliqtjMiJD36FOYu2wpvtd7tJbSbWCbAWz05YIr8+LXkKUhIlE34xksux938BzdRTJvi3o3ZsQMCKFbt1ok7DBw4ARsAD3cMVPoiIKDXEpwOg+t5oR22M6J2NIZ1aVyRu/IyzYTlRmHoA9ad0S73/7hi7xkb1a9TvAKj7U/3X1XYAKMC2I9CUgUsO+Ri9cvd39Snl54X5ctqfPsdHv6yBXl0hWZyWDPpKg/1Xrcn5EMCJ2Hj5D8fgjPfdPCotk1VdfPLBt+fK4+/NgzJ06Gb7KDhl+E387uVpmL+2SPbpl5saT9RECSACeL0Guma1n06/VHfm/30vX/68Fmaax+2mNBC7pwocG4DjwLEdiC1QukLf3lnonuHDqH65UAoY3jsLebkBRO3YYsO2I3jhqxX4ZfFW6CY7AYiIKPnFpQMgLdOLUFEISikcs28eJrXivb5f8oDMXvsUTD0NttPY6H69P+8i6K+vdhqA7PgeCpYVhqEFcMMxvyDT38PVgGrsfZ/IEbeOg+Y1oHkNSBNz2dVuqyfX7aU0+hYNd7NhJ0Hda+2wheGDOuOMQ/unZKD54EWj1fptFXLEvV9ga2EFNFNP+Qc2pSlouobjH2zNt4zirUV9dtRmPKaG3AxvSl6v2pufFm+VY3/3GbxZvta/WRsQx6leMlZg+A2keQzs1T8XFx3WF0ft1Q09ctOQ4TfVMgDLAPywi/d67duV8tO8/JS/nxARUccQlw6AY4d2xXs/r4PhNXDhAT1x3x6+T2nVenn5h71h6AHUxK07p/Q3HvzuOCVAGvn7mj+r6gKCUTsEQw/gxmOnIcPX1bWHxkVrCuXY332EL39ZDd1vQmnazg2vvw+7K3K3m+XHdswK2LmToHqqhS34/rEz0Onfbh2Z1uvTJV0BwNOfLpY/vT0X4cowDL8nZdJRG6N7DZQVB3HbS9PkmesOSt0dacdy0jy7/A5TfOgp/L1ub0555BuY6e6P/IvjIFIegeEzcPjePXDUqO648qiB6NU5TW0F8K3bDSQiIoqz+GQAeDSIIzB9Bga0Yo34cdPPhVKe2iJ/dZpO6a/5b/2U/pp/EFFQqqYGnmrwGtsJw9DScPMxU1wN/n//0s+y91VvQvMa0AOe6na3MnAQ2eUa5GLLbibKKliVYfzhyoPRKcvfLp6obz99hCqtisi9r83Cf79YBs3QU7oolZnmwctfLMOW4irpntP6FTeobWWleVo4dYdaSxxBRsB0uxkE4JmJS+WeF6fB8Lv7+7CCUWgeHQ9esT+uOmEweuQE1CQA97fyfR127hERUQqJy0ToQ4Z1hRO1cdiIrnv8Ht8teUC2Vy6DUt7q4F+hfpX+2pXtEEvptxFLs7Wrq//X1qx3FEQUHEer/q+KLfmHumwCy7GgaX7cfOwUZPi7uRI8FZeHZJ9r35DHX5sG3W9A6W3bDBHZ5baLFQJhB6MY2DMLf7mifY0uZwU86l83HqI2v3ERTjywNxzLQbQqEiv6lJIULnziR7cbQY2QZhXspDYlgI8p2Unh4XHzoQz3fhd2xIYdsXHbWSNQ+e6l6r7zR6ke7CglIqIOKi4dAEPzMmFHbJwxuucevb48XC5z1v0Hph5AY0G/oG5Jv9qAX+pG/mNLAcaCfqf6/9e8pm4qQOzvLScKwMAtx051Lfj/csZa6XzWv7FoTSGMDA+g6u9h/Q3YZaTeCk12DjgCsWy8+6exbhyahMhJ96qP7j5abfjvebjprJHISfciXBKEHUmtjgBlKExfug0bCisZbSaZTL9HZXfPgB11Wv9m1GxdkmS+eUf2+uTVUrylwrXCq9HKCPp0T8fy53+Fx68Yw6CfiIg6vLhMAejfLQNO1MKYgbl79Prxs66HI0FoKtBguXrU/LeRlP5YQT9V+3M1mf+1qf4KO72XLRYcEVx92AfIdCn4v+Of38nJd74PPeCpHvWXXcTy9m7n8+9ey17vRCz86ujB2G+IO8cnkTpl+mr38aOp6+RP787FspVF0D0GNDP5pwdouoZIVRjPfrHM7aZQI3ICHlRWRhL6mXYjS5Z1FE7UxphBnfG12w3p4F75ajl0rzuj/1Ywgl8d3h9v/e4o1eufbh8JIiKi5BCXDoCcdK8yjn9JcvdgqZ8tZRvk9Z/2g9ICtan89dUG9LX/rQvqVb2fqR/oO0CDN1JKgy02HFG4cMzr6N0p8Uv9lVeF5fjfjsfT42ZD93sAKIjdjGX6dvkwL83oIGi4LGDjVN3baQrvP3Rqcke+cXDWwX0VAGwrDcoTHy3EC1+tRDhiwYnaSV0vQPcamPDLOrebQY0Y3D0DGzaXAQlMSz9uvzzkZflgd8A+gFDYwo0nDsGjbjekAysqD0vPi9+C7sKyf9GqCC49bhBe/vXhyXehJiIiclFcOgAAYO+DesM0Wp7yN27mRRDoDYb8BQ2D/uq/3inor//39TX8sw4RgRWN4qx9n8HQHscl/OFgydrt0v2clxCsikDzNXwwkt0V9G9VB0HNm+zuB2LvYZUF8eZDp+PiDrzCXJd6RQ/nrNkuj41fiBkrCrFxYwk0U4cZcL+qdX26R8eK1duxZmu59O+W0WEefJWmkOE3k3p/e3cOJLQQoGM7ePP2w5EZ8CT1cYmnN+50uwUd25dzNsF2BEaCO0utYBSDBuQy+CciImpE3DoAjh3RtYXJ5sDq7Ytl3LRjoWBCnNirnep3qUvpr/7/aueR/tr0f6XVLRdY/3lbFAQOIlYQRw65A/v2OzfhDwevTVwoe131v9j67T4Djef776Jif5tMIZZddiQ4URtOVQTnHD8MFx8/jA9Q1fbt36n2WExdvk0eGzcfX0zfAM3QoJl60mQE6F4DX8/b7HYzEkZpQCQYxfbysHRK4jXfRw/IhZPAApPiCLYUVbm929SB/e2TxQlf+s+xHfg8Or66/3jk/cPtI0BERJR84tYBcPiwrrBaONr15fw74Th2rPI/WpbSL/WCfUdQvf7fDjUDAETsKozofgZO2OvuhAcKN/19klzxl8+gBbyxYLHJ0frmpPLvzq5fv2NHgtg2JOpAGRqO3qcnXrvvZPTs0nFGkFvq4CFdFABUhKLyxMeL8PdPFiNaGYFm6NA97lYe1zwG/vf9KrcPUeL2V9cQLKpESVVi59e31IC8LLS2WGeLOIIfl25ze7epA1u6pjjh8/+diI1jjuiPvFxW+SciImpM3MryDu2e0aK1cfNL10pR+UwoFavaXFvJv3rJvpoK/rWp/0oDlA6BHqv0X728X93r6lYHiL1ewXJCyE0bjYsPeTHhDwbH3TFO/v3+rLrgf3caLHvQxLbrN2jGFmNXhKADOP/4YSj88AZ88+R5isF/86T7TPXABaNV+ZsXq79dexC6ZnsRrYxAHPeqveumhllLCtw+NAnnJDC9fk/s3TsLvkwfHDsx54Y4gvGsB0EuWbm5TBI55aWG0jU8fdl+bu8+ERFR0opbB0DPHD98LagB8MHMGwFlwBEd9g7L9sWC/VjAD8S2mqC/dkN1sF8T+KNuuUBAg+NY8OhdccPRHyb0AFcGI9LvvBfk25lrYGT62zZNvDUdBCJwIlHYVSHccNYobB5/A9754ykqJ9PPwH8P/fq04Wrty+eruy7YB3bYdrUTAADKg9HkjojbkDIU8rcnd7p7j5yA6tE5LWF1AJShYcH6Yrd3mzqoWSu3J3xalDiC7Bw/endJT+gHa63O2CMiIkqcuHUAZAU8KreZxadKgiVSVDELUL6GAT801AX7Wt0ov1Mz4l8X5MeeqbVGN9uxYDsObjjmC6R5EhfgrthYLAMvfgnrC8qrK/03Z1S+8VH6PdJIp4DYDpxQFE44iiNH9sCG8Tfi+d+dqDplMfBvK3+9eD81+59nweczYUcSN+e7PqWpDjX/W2kaVm4uc7sZu9U5w1dzsYo73dRRkF+OibM2dpiOIEoe46asa+mqs63m2A5O3Tcv4ftaXhWFYicAERGliLh1ALTE+Nm/hdK8O6T0a3BE20VKf02IXBfo188aEAHs6tdErSDO2P9ldEnvmrA79KS5G2TEFa9ga2EllKlDHGl027026iBQseJ+dkUIw/vlYs7Ll+H7Zy9Svboy1T8ehvfMUoueOgOmV4edwMJv9W0vD7t9GBJGMzVMSYH57kfu3S2hn2f4DTzw5my3d5s6oNVbyhP+mWI5OH7vHgn/3G8WbYHag1WPiIiI3BDXO1Z5qHkpyFtKfgGqK//vLqVfaptdF/TXzwKo30kgACwriOG9rsCBfU9IWKD7/OcL5aTfvAvbEWjeXddZbKpjoPmdBM3LIrArQsgIePDeI2dh0f+uUqMGd2PgH2fdsv3qp0fHJmzEtwGlMH1F4gPiimBUWlL7o63oXgNfzd6Y8M9tqauPGtgGBT6bT/camLeiEJ9MW88sAEqoUNROeAaACNCzUyDh+zplRSE0nbdUIiJKDXHtAMjw7X5d7oX5UyRqVUBEa1ZKv0Br0DFQs8EBRDRAajIHNFh2BOmBYbj84McSdmd+YcICuemvn0JTgKkBhgh0caD2KP0/tjWnk6CpzQlbsIMR/PbCMSj97FZ1/rFc1i+R9u6To/Yd1hWOnfgsgPKglfDPTPebqmuWvxlFKtuWpmvYUlCBkopwUge6g3tmqUQHRZ4MH65+9me3d506mIjlQg0UEWSlmQn/2NKSEJTGDAAiIkoNrt+xfl75T4jYkNoQufGUfqc6pb/+6L4IgOpg34ZWOzXAEQXLsaHgwY1HvZewfXl+wgK58ZEJ0D0mDC32nK+q98YQgbmLrWavVaNby2sFiO3AqQpjZP9OWPXOtfj7r49l4O+Sxy8ZDTuc+A4ALcEFuGp0zvAmvAMAAAyfiVe/S/7lD085oFfCp4VUVoZxxL2fJ3XnCLUvlSEr4UUAlaawvqAyoZ/5zbx8fq+IiCiluNoBUBmpksKyJRDlxe5S+mtD3eqAv37QH+sgqFsCUERg22GcMuofyA3kJOQJ5IUJC+Smxz6D4TVh7EEqoC4CXQRGUxtq1j9oqtRhrAtFaYBYNjQRvPj7kzH/1avUgJ6JOQbUuFH9cyF2x3lGdGsgTBkaHv1ksdu7v1v3/GokrKpIQj/T8HswY3EBzvv7Dx3nRKQOR2kKm4uDCf3MW1+e7vZuExERtYirHQDFVVtREd4ABbNZKf0iGmyJrQQQC/hj/+ZIbOy85u9tJ4I+nU/A4QNPS1jwf8NfJ8BjGjCg6qoU7ri1ghKBVr3pjWxGdYV/qyyEg4Z0Q8Ent+C6M0Yz8E8CGX6PkgSt/V6f40btAQA9cvwJW+u+Pk3XUFZYibd/WZvUQe6YwV1UVnbij5GZ5sGnk9fgzP/7PqmPD9Ee0zS8N3V9wj7u+wWbZfXaYuge3e09JyIiajZXOwBmrvsIUEa90X00mdJfO8KPug3YYZU7AI4IRHlxxaHPJGQfXvy8Ovj3GrUHUzW1ObvZ9rQRCgiFojABPP+7EzHlxctUbiaX9evQRLBXn2xXPjorzdPqFSz3lNI1/ObFae58eAtccPRAWFXRhH+umebBF5PX4KRHvmEnAMWVG/2Pmq4wfXniip9e/c9fGPwTEVHKcbUDYNnmL6ArX+3ovtNUSn8TQb9T/W8OFEQMwDFgWSFccdgbyPCmxT0AfmHCfLnp4Qnw+YzaOf+tWrZvdx0Ezs6dCnCAUHkYe/XrjE0f3Ywbz9m/wwX+m4urZL+7JsjWkmBSBjXFFWFReuK/agO7Z7qyv92z/XAsd5Y+1D06ykpDGPvAl0l5LtS4eexQGIYGcRKfKeHJ8OKH6Rsw+Kbxsjy/NKmPE6Uun5n4a57SFCIhC3PWbI/7eX3x33+UzQUV0Hez0g8REVGycXkKwDIIvLUj/E4TKf31A/7Yn/VYwC864OhQjg4IELUrkZd7KPbqHv8g+Os5G+SWv06Ax9ShK9R2UWgNuisa21q3IkBsjgQAB4hGbYSCEfzuogOx8M1rVaesQIcL/gHghwVbsGjZNvS98l1c99wvsragIqmCmp+XFEBL8BrR4gh65Ppd2d+9+uZAM/RmLGEZH0bAxHfztuDoP0yUsqpIUp0LNUb0ylZDB3aCE3WhUjoAM+DBpsIgRt3yIe74z3QpDzZvydZkMn9dccq1uSNJ9xnuXANEcPfrs+P6EU9MWCLjf1gFI5D4FQeIiIhay7UOgKKqIhHHaRAyAzun9Mf+zWgQ8EMUUP9nlAZHFDQtHVce9s+4t33miq1y9p3vQDM1aI2s6a12u0nNgoaNbmq3+dOCYDAMj67w078vwd9+c3yHDPxrPPHlMug+E4bPwGtfLMOIWz7Cwfd9IT8u3JIUAcJNL0yB7k1smqiIoHOmz5XzYq/eWdDcTIsVwAyYmLa4AH2vfg93vTIzKc6DHT1z9RjXOkkAQDc16F4D//poEfpdOw5/eGNWUh6n+ibM3CCnPvqtdL/0bTn6D1+43RzaBdPQXZkKpJk6Js/ahAmzN8Xl0//3/Sq574VpMF2c6kRERNQaruWulYW21358bMWwurBXACipWRQPtTfZ2nut0qpfV9dpYDlhHDzoOnSKc9X/koqQ7HPhSwhGLPg8TR++1jwX1C3917jKygj2G9IN3z1/KbLS3QnyksmG/HIoDVCaBk+GF+I4mL98G07645fIufxtuePU4bjp5GHokpX4Y/XQu3PlsXfmwvB7EvaZju2ge7d0rE30zlYb0DUDAb+JUMRCKypbtJrhNxGxHfxrwhIEznlNsjqn4Zoj+mOvPtkY2jOzdplETSlUBKNYsrEUpZURLFhXgilrtmPVkm3449UH4E8XxKeY5uEjuqkeV70rFS4sEVmj5jsTshw8+eFiBM55TY7Zvyf+dtn+GNE72/Vry8rNZTJh+gb8e9JyrNtYivMf+77mBgHDY2B7WUg6udTRRbvWp2salm8oSfjnKk1B9xm46O8/YOWWMhnUPbPNzo+7/jNdrvvb9/Bk+BK+xCEREVFbca0DYEvxAjjQoUQBOwT7NbfVuhBYb/DnWOdAHUcsePVMXLD/nXG/Ix9xzavI316GgNeEtHKtc1Eta67jCILBCG46e1/8+95TVdYb18Z7d5PexsJKGX7rh1D1jqXSNOgeANARjTh45O25+Ov/ZuGo+ybK2Qf1wckH9MKwnllxP1ee/2Kp3PHC9ITPEbXDNq48ehAefCGhH1sr3W+qXteOk2DYcjH8j9F0rebygfLSIJ4YvwDiCByrfuq9AFDQqucsa7oOZSgoQ0Mgzr+7N+44EmPvnQhvli9pjtN3s/MxevJa9Lj6PTn7wN44fGR3HDmsK3p1jl9dlS3FQdlUVIUZK7Zh/tpiLFhXgplLCzD8qveg+wzoXgNmoGEnWqg0hKWbylw9btS0cw/ug69nbnLlszVdg2M72Pc3n2DF5jIZ3KN1nQArtpTJeQ9/i39+uhjebD9H/omIKKW51gGwvXx1bJk/py5VuMEIv+yQEVBvtkL9v4cA4Wg5zj3kCTyG4+Pa5tN/85Z8+tNKZKR7Ibt5AlD1/rfJn9lNB4JTL6gNRyxoAN7581m48OSRbsdVSWP8jA2IBqMw07yN/rvSVCxwCADTlxRgypx83BcwMfzWj6RvXgauOnIAThqdh+x0b5sd0/ztVXLBMz/hzpemQ/NoUFpiZ9o4YQtnHNgbDyb0UxvKzfCgqDRcG1QmA6VpMPyulj3ZyXH79FAH/+4zmbeyEIY/OeYT6x4duseP0vIw/vPZMrz8yWJ4Mr0YdNN46Z4dQKdML07Ypwf2G5CL7tl+aJpCv24ZjX5/1mwpF9sRGLrC2oIKLM0vRXF5BN8t2IKw5aC0KoLiiggG3/IholUROGEbmkeHZmjQvfquj4kIpiwrcPtwUROOHNHN1Skumq7BjjrY5+YP8dDbc+WBi1qeybOtNCjXvTANo279GGI7sXsJg38iIkpxrnUAODVL/ik0mtIP1AX9O2UESN3/t5wQsgMDcEj/+M6Df/yVn+SeZ79FRpoHWr0HANnlp+6um6D+3u1Mk1hlhGDEQobXwMzXrsHA3p0Y/NczZdFWNDfN3PCbMPwmxHGwbks51m0uw4+z8wEFBM59XY7epwcuO3oABvXIwOAemS3qFNhYWClTlhXgwXfmYcA146AZGjRTT3iaqB21kZnrx34D3T1Prj9uCO5+daabTUgZ/7n9MOx/60cQx0l4Z9Gu6KYO3Yz14Di2g/zCKuQXVAIAJs3cCNTroAyc93qjl7q9bv2o4V/s2OmpFKBiHXWGz4QKNH+qjObRMW9tkduHiZrQr1uGCpzzuqvhsm5qcDTg8fcXIPPSt+TmE4fi5pOHok/X9Cavj2VVEZm/tgi/fnUW+lz5HpQWyw5SnuTooKtPa2EWIREREeBiB4BSBkTpEOg7pfQrVBf323Huf7W6vxdYjo3zDnwUf8XXcWvrlLnr5bgbX0Nmmhmbm19vVEMBQGse2tWuOwnKg1GM7NcZP754BXKy/Lzb72DO2iJoZsuGmeumCDT0/YLN+Hb2RogtcKI20i54Q7pl+zGidxYCHmOnKR+2I1hdUIHlG0vR/9K3oXsN6D4DpouVoZ2IhbGH9cPrb7rWBADA2Qf3wV0vT+Ma2c2wV69sdcWzP8l7365KugyFGvWnCCQLzdAxZ02x282gXRgzogtmLN1W25Hkhppz17EEz3y8CE+8NQc5l74thw7pgjRf7LqulEJVxMLKLRXofO7rULoGI2AmTVZOowQoq4q43QoiIkpBLmYASCyQV9pOKf2NB8T1HoxjUTdsJ4wMbx5G5Y2JW2BcVhmSfif/A7FniJpgfYeP28Va3gqA7KqDQJoevy6tCOOIUb0w+b9Xq5x3b4zXLqasjUVVMvCKd2PVmNtA/RFPIDbquWV7FTYXVDRZ70EzdChdwZcbcPtwVKfbKlx6zEC87nJbenZOU+kXvCHJNqqdrP7368NV1sVvic3j1Wy6R8fyFYUoq4pIZsDDztEk9Mdz9sEp902Enu3OkqT1KU3FOmm9BiJRG9/O2dTguq6UgtK12Bz/VCCC+etL3G4FERGlINeeNNN9uRCR2pF+p3pZPwd1q97HmhfLEohNDzDrbTosR8PYvW+KazsPv/wllAcj0HVVHf43d6ujHGf3GxouFVhaFsKZhw/C5P9ezQfbJsxcvg1iOXFLs9d0DbonNg/ZDHga3XSPHhthSgKOLcjtno6TRuUlxTlz7qF9YbtY4T7V/PDwSbCCltvNSDn5RVVuN4GacPzoPJWe4YVjO61/szak6dpO13XDb6ZcxlI4yusrERG1nGuRS59Oe8OuzgKoCf5jzYkF/YAORxRiSQoGoAw4QIPNUCaOHHxe3IKde5/8Uhav3Y60ndIAm9MB4Oxm2+HnHRtwbIhto7IihFvO3R8fP32xK4FcWSgqn6zYJi/M2yQ/byyR5UWVUlgVSbrSRx9P2wDd51oSS9IRy8LvzxrpdjNqXXfiEFhVUbebkTJG9++krjh1OMKlIbebkjI0U8dijoImtYuOG4xoBVPV40FnDQAiItoDrnUAdMvsj6jjxJqgtOoAX4OCiR2D/ppwWgRQokMTHZFoGIcMODtu7Vu4fIs88cYvSPcbUCK7rdjfcjt3GogIyitC+MPVh+O5P5zmyp39yzXb5em5+VhTHoLP0LGyNISZBRX4dkMxPl9dKNM3l8ri7RWyriwoZWHL1U6Bj6atT/gSe8nKjtrI7ZyO28YOS5onwsOGd1O9emXCjnCUqrleuP4gdeio7ohWMmBqDs2j443Ja9xuBu3CPWfvBcNnJl0WABERUUflWgdAhi9HefQ02LWp/dWj/qgrAFizKdFjW/W/2wAito2TR14Tt/aNvfFVeE0DGgAlNZvscmutiqoI/njdkXjwluMSHsQtKKiQuyevll82lyNgaEgzdCgAXl0h3dSQ4TFgaApBy0FhyMKmygiWFldhfmG5LCmqlLVlQSkKRRPWIbC9LCRV5ZGEV9lPVlZVFJ//4Vi3m7GT848eyGkALfT9I6eo3NwAO06aQdM1TJq/2e1m0C706ZKu9hvaGWInXRJZytN5/yMioj3g6uTl4d2OQMSOxpLiBVCIBflKYp0BdVMB0ODP4WgQA7uMQnagS1zuflf8fpwUloTg0RSUU9cBoDn1OwN23jRHoDmy246CBhtivRwVFWHcd+XheOiW+C5nuKOysCWPTVsvT8zdBI+uIWBqTT5U6EpBU4CpKRhKwdAUNKWgFGCJYFsoiqXFlQl5yvtmXn7KzdeMl2hlGKcdOxCj+uUm3dPgXWfsBU/AcHU98FS04Okz0CnDw06A3VCagh3iMUp27//uKDicr97mNpUE3W4CERGlIFc7AI4eehEi0TA06NCg19YDiCUK6rUdAlB6g2T5iB3FmH4nx6VNi5ZvkbcnzofX1NFYmn4scN9dR0DTm9ppTUOgojyMe686An+57YSEBnA/rC+Wm75ZgcUlVQi0MpW+puG5vsQsm/T3L5YDHP2AHbGRkxPAB789KikPRpcsnzpydB4f/luoU6ZPzXnqTGQEDNhhFgbcJQWs2lzGHqYk1j0noK4ZOxRRLlvXZsQRTFm2ze1mEBFRCnK1A2BYj4NUbiAPEdtGLDyoDvih71ROr+a/NgCfJxOjex0dlzadfdvr8Jg6jF0OLjd/BYAd1e8g0EWhvCyMuy47NOHB/++/WynPzN4IXVfVnR2tU7PXXf2JWY5rzaZSqOQovu8acQSOZWPyo2PdbsouvfObI6BYrKrFOmf51OJ/no2MNDPWCcBD2DgBPpqxwe1W0G48d+MhKjcn0G47tOyoDXESW+cgEmVdBSIiajnXQ6gjh16ISDQI1UjQXxPw12QEADos20aGrws6pfdo88fhZ1//SdZvLoXP0GIpy3u8NVLlv5EOgvLKME45fBAeu2tswh7t524uk7Fvz5YVpUH4vQa0NgrMoo4gJ0EF+fK3V0ooFO3QQaVjO7DDFt76/TEY1CMzqQ9Eht9U952/D8JMV22xTpk+tfRfv0LfbhksDNgkwY9LCtxuBDXD5386Do7ttLspQXbERu9u6Uj3exK6b6ae1Jd+IiJKUq53AJy697Uqw98VYSdSG+zXD/hrtpp/ExFkBXrGpS0PPfcNAj4T0qxl/nZjNx0EZRUhHHVAX3zyrysSdgd/euo6uWvScng8Okyj7X71IrHcjUSN/o+bvgHRkNVhCwDWBP9v3HM0fnVw35Q4CH84f5QaNqATrGBqLQvoJEGgkpPuVUv+dbY6YO/Y6gCJHmVMekph3ZZyt1tBzTC6fyd1/yX7wgq2n84sO2yhU5YXy/55trr8uEEJm+6kNA2FZWG3d5+IiFKQ6x0AAHDzUU8gYkWgYKD+agD1VwSoiZ0B4MThl7R5Gy777dtSVRVtUPV/1/a8kyAStTEgLwtfvXxNwoK3s8bNk4+XFsDvN6HFIXc+y5u4gnw/L9rarD6Y9sixHdihKN6571ickyLBf41vHj4JytBSZjkwzdQwd22R282o9dNfTla3nbs3rJDN4oD1KYUtJSG3W0HNdP95o9SRY/ogWpn6wasddQClMPnRUwAAZ+zXE0hgZpplpca1lIiIkktSdAAM6DJS7Z13BKqildWj/A2Dfl0Z0JUBTRkADHTN6NOmn79te4V8/sNSeD16gwr9sYr+TRf7A7Cbf9+5U8B2HKT5dEx995aEHNt1xUE59j/TpKQ8DE+cquZbIugW8CbsqWfBumJoZlKcugllR2yYuoZvHz8VZx3YJ6WCfwDokuVXEx86MaXmAEuSPV//32X7q6lPnoZAugfRqtTKpogXpSmUlYWxZGNJB+0WTD1f3X+cOmifHik9rcWunn8/95kz0K9rugKAEb2zElerQwHlIV4DiIio5ZImirr92CdVhpmNkBWGA0CrDvg1ZcBGXS0AR4A0T3qbfvaf/jERlaEIjEZSyne1hJ+2m/TgHTsEHNtBNBTFV/+5FjlZgbg/JkxaWSjnvTkbYVtgxClgthxBticxc/8BYH1hpaxZXwzN6DhLADq2g2hlBF2z/Vj5/K9w6LCuKRf81zhqRDf13v3HI1Iern2AppYZ3b+TKnz1AnXlCYNhhy3YYavdzaluCU1XsKoimLai0O2mUAv88JeT1b4ju6dkJ0C0MoK8XD/W/+dcDMnLqr0e52b4lJaoefkKKGtHUymIiChxkqYDAABuO+5JRK0olKqbAlCTEVAziO4AyA20XdGzisqQvPHpHKT5TezJXP9ddRDUbECsdkFVVRSP/nYs9hmWF/cnhJdmbZS7Pl4E3dBgxjFYthxB7wxfwgLSOau3I1IUhEjHCHiiVRHYYRt3nrcP1r58ruqcmbhjHS9nHNBLffrwyRDLTqlsgGTz/C2HqtnPnIkRfXMQKQ917GOpKfy0mIUAU82Uh09Wpx81AOHSYErUthBHEC4J4sC9umPlC+c0ej3O7ZyWkH1RmkJVyEZJRbhj3AyJiKjNJFUHQL9Ow9Qpe12BYDTUIOhXMKBU9dbG+XWP/ftbaArQlWoigN9dRf+ae2/T/65EEI3YOP7gAbjtisPjHsDd/fkyefbbVQgEPNDiWCgvYjvoFvDEe3caOPPAPurJu46CUrHgOBUeGveEOA7CpSHs3T8XS1/4FR65dL+UD/zrO3GfHmr1f89Df1a3b5VhPbPUzH+crr78v1MxsE82IuXhlKmx0BbEcWqvA6P75rjdHNoD4+48Uj1162GwQhbsBBXQ2xN2NNZh+eiNh+DHR05u8np8wf694FiJicmDYQslnApEREQtlFQdAABw/v43q24ZfRCxreqigEZtFoDl2OjfZf82/byX350Kr2nEgn2g0U0T2c226wduy7aR5tPx2X+ujXsQd9OHi+TT2Zvg85tx/RypPl6JHP2vcfuZe6mKdy5Vr9x5JDIDHthhG1YwmtQPj80hTqy6vxWMoEduGn544jTMePIM1a9bRrsK/mv0yAmoRf86W9145ghYwSisYLRDp7K3xjF7dVcLnjxD/fj305CZ7YcdqflOtK/OgJoVMKxgFHbERk6WD0/ddDCiE69Vt542vF1+TzqCm8cOUytfPg/duqTHsp6S6Ly1IzaiVVF0756BlS+fi9+eMWKX59lJ++YlZCUATddgVUawvrDS7UNEREQpJuk6AADg3hOfgyNA2A5DEEv7txFbkqtzWl6bfc6EbxdJOGK1SdHepjoHlOPAiliY+N/r4n7cbhy3QL6etxm+tPgG/wBgC5Dri//n7MpFRw5Q+f89X0154lScckhfZKd7ECqqQrQyklKjoHbURrg0BCfqYP9BnfHJAydgxb/OVoek8Fz/lnjq6gPV8hfPwQFDusAKRhGtYkbAnjpoaBe1+YVz1Jynz8Dph/WD36sjXBysHiVPzc4VO2ojWhlBqKgKSgGjBnTC3ReOxpqXzsWGF85VN540rEN8T9q7Xp3T1Jp/na3+euUBMDUgXBpyNcPLDlsIFwfRp3MA7/z+aKx+9izVs1Pabs+1IT2zErYUIARYtrHUtWNERESpKXHV21ogw5elFubPlL9981tomgdKKWjQ4SgbW8s3tNnnPPDspFhVQZG4Ld1TWRXBJWfuj9Ejesb1IfXm9+bLxLn5yMj2t/k0iR1FHYGhFAbnxL+QYXOM6pdb246JszbKhBkb8NrkNQgXB2H4TWimBqUlX1+XHbFhVUbQo1cWrv7V3rj02IEY2C1DnfC42y1LvN5dYlW0Z6/aLne/MgOT522G7jGgJ3B5yR05ERtFFam5VNnQnrHCZGVVEfl+8Va8OmkFJk7fAMdyoHsN6HFaEaSt2BEbjmXDCdvo1CMDZx7QC8eNysPRI7uhS5ZfTQHwkNuNpLi466yRqrQyIo+8Pw/PfroUTjQCw29CxXE6W32x7JkIhgzqjIcuGI1zDu2rznq++a/v0yVdpZ3zmji2A02P731HGRoWbyhJyHHZkVvdianZjUmUuvhdb5+SsgMAAEbmHaDemP6MfLVsPNI8WdA1E5pmYn3x8jZ5/xX5JXLsOU9BN6pv0G1VVK5eR0LUdtAlNw0vPnp+XJ9cbvlwoXzyy3qkZ/vj+TGIOAKlgEHZPvTJ9CdF8L+jsfv3qm3XxsJKeeP7VXhh0gpsLaqK/aUjEEdiHQJarJBSPB/SHNuB2LFOptgDoQ5lKOi6hltOHYZfnzocfbqmqwdeAh5w++Algf0GdlIAsL08JI99sBDPf7kcdsSG2E4sANAUNF21SYeOYzuxZf5EINUZI0rToAwFpYDzjh2ER6/YH30edPuo7LnMgKfB93T2qkJ55vOl+GDqethW7Nys3XddAxTa7Pg2piYzR5xYRdeaEd7Y71aDpgOapuH8I/rjsqMHYPSAXHTK8Knn/wu0IAZzna4paAlcDx4ANJX4z4yXrLS68/apjxfLgx8tQKQ8Un0diH1HW3vdFkcgIhDLid0TdA1QCmce3Bd/vWQ0BvbIVOc8vWfvPbhvDlZtLI3778P0GpiydFtcP6MpulLQNS1ugyeN0hT0JDjHNVX9Hde0xC37WP3Bbo5laEq5cm0TpeJaz2p3lObCNV3TqmuQuc+N77qqPtdc3W9NS/i5rmvxHsKt4/6VdDcemvhr2VC8Cl4zFtxGrBBeuuizVrf72benyh8eGIf0zAB29xXb066BYCiKj168GsceOiRux/kv362S5z9dgkCmD4apw/ToMAwNhqlB12PBkmnoMEwFQ9dgmjoMXYPXo8HQY5tpaDB1DbmmjgxTg1fXkG5o8OgaPLqCx1CwbWB4pwBGdk5P+nOmKUvWF8tnczfjx4WbkV8UxPayMApKg4iUhQDEgj/NqAmCtNhdvtqOQZE4sYAegti3SADHsqv/60AcB0opGGke5HUOoHOmH92zfbj86AE4bp8eyErzpuxxTLRVm8vk2c+XYubyQqzbXontJSFEK8JQmoLSNajqZbeUUlA1HXo1v596nOp5xWI7gALMdC8y0jzICniQl+tHt85pOP+g3jh6r+7o1A5WW9idimBUpi7bhtenrMOmLWXILwqipCKCkvIwrMpIrM5HdZCl7bCMqKbrdRPIas79HdQc75oOFqVrMNI8SPObyPCbyM3wIifgwYh+2ThoUGccNaIbenbefYo1dUwrNpXK4x8twozl27BhexUqqjt1NVOvvRYAgNLrOgek/nXAARzbhtgCx7KhNA3pOX4M6JqGEX1zcefpwzF6QCeef0RE1O6lxM3utx9cIiWhYvhMPyJWCH857TV0z2jdjfr8216Tr79ZAJ/P24wjpHbbSQA07CiIWjYO2ac3Pnvtprgd47fmbZbf/ncmfOkmTI8ZW/KvjTsAdAWkeTQc2TMbuX5PSpwvLbFpe5Us21KG/G2VyC+qwuot5SitiiK/KIj12yuha7EaFFsKKhGtiNQG+7rfQLduGTA1wHaArICJwT0ykZVmYkC3DOTl+DG4Zxb6dk5DLwY1bWr11nJZubkcK/PLsHZbOdZvq4KuKWwtCWHNtnJELUH/Luno0zUAq7oat9IURvfLgS2CIT0y0SXbj35d0pCT7kWG3+Tvp561BRWyrrASBcVBrNtWgVDExrL8UoQjDnRNwXYEawsqsK08DMcBOmV4MLxXFpzqGgOxPjGFoT0zke43EPAYGNgjA+l+E306pyHTbzYY4SVqqZKKsCzaUII5q4qwJL8Ua7dUYNnmMmhKYeO2SkTLY526uldH9+6ZUAC6ZHjRr2s6encJYP+BndGvewZG5GUiO52dsURE1LGkzI3vlnHnSNgKQQG46Yi/Yr9e++5x24srw3Lw2MdRUloFo5E0Qmlxykfs52sXBBQgGIxg+sTfYWi/LnE5xhuKgzLmT1/D4zdheDQYpt6mHQA+XQMg2Cs3gCN656TMeRJPFcGo1HQApDNoJCJKShXBqAC8ThMRETUm+SqjNeGPJz0DCBC1I/hu+Ueteq/tpUFs3VLSaPAPILYk4G62hgSAQFVv4WAIJ50wMm7B/9aKsBz9tx+hmxp0o+0/wnYE5RELR/bMYvBfT7rfVOk+U/GhkogoeaX7eZ0mIiJqSsp0AHTP7Kn+etoLUEph1fZFKKoq2+OqfYtWbIGuaVCCJrfdaapjQGwbAb8H9912UtyOxbn/mYWKsjB0Iz6VvCO2gytHdMOIFJ7vT0RERERERA2lTAcAAHTP7KUePe2/KKrIx+Kt8/f4fVat2VZd2VGa3GIBPVq8OZaDwUN6YPSgbnEJnv/+9UpZtGAzzDgsj2Y5goqwjWtH9kAXFqkjIiIiIiJqV1KqAwAAumf1Un876w2Mm/0cSkJVe5QFkL+5GHqzwltpxrbDKxzg/jtPjcu+r9hWKY++Mw8ev9nm722LoCJi49f75qELC3QRERERERG1O4bbDdgTvXMGqM2l62Vh/ow9ev2CRRugVU8B2B3ZbShc9yYigk5d0nH8gQPiEkDf/OpsKF3VLnvWlsRycN9BfdGVI/9ERERERETtUsplANTokdVHje65L9YX5+9RFoASp9EN0thUgB23RtL/AURCUVxw3iFx2d/3522W6Qs2Qzfbvs+mMmThN6PzkJfB4J+IiIiIiKi9StkOAABI92aqPjl5qiIcalkngEiTGf1KBMrZzSbOzi90Ytv5p+0bl33987vzoBlt/+uKRG2c2T+XBf+IiIiIiIjauZTuAKiR7vW1KHjt07sTHHH2/AMFO3UK2OEo+gzoil7dMtt8/96dtUnWri+BbrZt4T/HEWR4DVwwPD4FC4mIiIiIiCh5tIsOgJYaNKA7HKs63b8l2y6IbaPbwO4I7vHihE17eeIyAAqqjX9bli24bVRe2zeYiIiIiIiIkk6H7AAYObwnLMtu+Qt31TlgC3oP6IYSG1hXEZbtoWibdAUUloXk5zn5MONQ+d9natirC1P/iYiIiIiIOoIO2QGw74g8eExtt6P6zSWOwAh4MHRoHozqcLo04mBdRVhKwlarPuStyWugmW0fo4cjDi4e0qXN35eIiIiIiIiSU4fsAMjrlK722W8gIqFoE1X+W7aJCAyvgV7dMyH1OhVsB9getrCuIiwFwT3LCPjHhCUwfG0/+m/ZNvbv3vb1CoiIiIiIiCg5dcgOAAA4ZewoRMM7dwDsCSUCTdOQEfBCVwoKgFdX8OkK2R4dfdO9qqt/z4bxtxUFoVTbZwBYloMuaR6m/xMREREREXUQHbYD4PYrjlS9+nRCNNqwFkBzR/0bkNiB7JnuQ/90j+qT7lU90zwqL82jOvn2PH9/1eYyiUPsDwDQNMb+REREREREHUmH7QAAgEf+dA5sew+KAaJhRwFEYEDQJd3Tpu1burG0rcoU7MRj6pi2qTRO705ERERERETJpkN3AJx60ih14AEDUBWMoDXj4UoB0aiNsspwm7Zv6roixCsDwOvR8c95m1r0mtYWNCQiIiIiIiL3dOgOAAD45N3fqJ55OagKRfb4PZSmUFUZwoo129q0bVq8ov9qUUfwtxnrdwrqS8KWFASjsrosLKvKQrK+ejWDbK/BeQNEREREREQpqsN3AADAnJ8eUnk9shEMRvco5V4phWjYwnc/LGnTdo3olQ20Kjdh1wxdw5xtlbjm6xXy7vJtsmB7lawuC0tR2EZF1IGhAZ28BvqkexWDfyIiIiIiotTGDoBqc376szrkwAEIhaOIRKwWv97jNfHT5MUoD+3Zcn+NGTMgF0B8s+49hgZA8PXGEkxYXYgF2yqwPRiBT1cM/ImIiIiIiNoRdgDU89E7t6unHr8I6WleVFSE4DjND75Nj4E1yzfjy8nL2qw9A7qkqx55mXBsJ677rWkKhq6hNGxjUWEFftxQgs9WFeLjldtk8oYS+XZdkSzcViHlEdYAICIiIiIiSlXsANjBRecerJbPfVzddtPx8Hh0VFVFYNsOpBlzA3x+D/7yl3GoaMMsgKevPADRqpZnJLSUAmBoCnr18oARW7ChPIyKqI3RXTMwsku6yvAwG4CIiIiIiChVMaDbjQ8/mSmPPPEZthWWo6oqAl3X4PEYTVbnD4UiOOu8Q/H8Yxe22bG98t9T5f3vV8OX7Ydu6tAMBV3XoOk6dENBaQqGqUM3NJgeHYahwTA16LqCpiuYhg7DjI3ym6YOQ9fg9Wgw9NhmGho0TcGnFDJ0DV0CJkZ3TsNRfXJ4fhAREREREbUTDPCaaVthmTzz/Nf4YtICrFxdAE1T8PtMGIbe4OdEBNGIhetvG4sHbzu5zY7vOc/8LF9N2wB/lg+6R2+zDgBHBI4DpPkMHNszCwd1z8CgnADPC46loLwAAANGSURBVCIiIiIionaGgd4eWLI0XyZ8OQ9vj5uKdeu3w+MxYBgalFJQSgEisGwHl11zDB6754w2O8aPfLVCnvxwIcQBvGkmNF2HYWrN6wAwFDRNg9erAVDQqid/nDaoMw7tmY29OqfxXCAiIiIiImrHGPS1UmlZUD7/ci7+89pkrF2/HeFwFJGoBccRWFEbo/YfiP+9eB36dstsk2O9qTQkL/yyHu9OXo2gJRAROLYDTddgmDo0Q4PHo0Ov7gDQDR3+gIGA30C6z0CW38T5Q7tiTF4muqR5+fsnIiIiIiLqIBgAtrFFSzbJF5PmY+rM1cjfXIx16wpRFYzigMOG4h+PXoSR/bu02TFfsLVCfskvw5aCChgCBLyxLIDY3P7Yx/TM9mNgrh/DuqTzd01ERERERNSBMSiMs5KSStm6rQyz5qzF0hWb0TUvB2mZaejdpzNGDuqG7jlMvSciIiIiIiIiIiIiIiIiIiIiIiIiIiIiIiIiIiIiIiIiIiIiIiIiIiIiIiIiIiIiIiIiIiIiIiIiIiIiIiIiIiIiIiIiIiIiIiIiIiIiIiIiIiIiIiIiIiIiIiIiIiIiIiIiIiIiIiIiIiIiIiIiIiIiIiIiIiIiIiIiIiIiIiIiIiIiIiIiIiIiIiIiIiIiIiIiIiIiIiIiIiIiIiIiIiIiIiIiIiIiIiIiIiIiIiIiIiIiIiIiIiIiIiIiIiIiIiIiIiIiIiIiIiIiIiIiIiIiIiIiIiIiIiIiIiIiIiIiIiIiIiIiIiIiIiIiIiIiIiIiIiIiIiIiIiIiIiIiIiIiIiIiIiIiIiIiIiIiIiIiIiIiIiIiIiIiIiIiIiIiIiIiIiIiIiIiIiIiIiIiIiIiIiIiIiIiIiIiIiIiIiIiIiIiIiIiIiIiIiIiIiIiIiIiIiIiIiIiIiIiIiIiIiIiIiIiIiIiIiIiIiIiIiIiIiIiIiIiIiIiIiIiIiIiIiIiIiIiIiIiIiIiIiIiIiIiIiIiIiIiIiIiIiIiIiIiIiIiIiIiIiIiIiIiIiIiIiIiIiIiIiIiIiIiIiIiIiIiIiIiIiIiIiIiIiIiIiIiIiIiIiIiIiIiIiIiIiIiIiIiIiIiIiIiIiIiauD/Abvy/YTAy1nlAAAAJXRFWHRkYXRlOmNyZWF0ZQAyMDE5LTA0LTA1VDE1OjA5OjM5KzAyOjAwigg+7wAAACV0RVh0ZGF0ZTptb2RpZnkAMjAxOS0wNC0wNVQxNTowOTozOSswMjowMPtVhlMAAAAZdEVYdFNvZnR3YXJlAEFkb2JlIEltYWdlUmVhZHlxyWU8AAAAAElFTkSuQmCC');
INSERT INTO `OKR_COACH_MT`.`Image` (`Id`, `Active`, `PictureBase64`) VALUES ('1f2a8396-e9dc-4747-a9a3-397ca0dffd5c', 1, 'data:image/png;base64,iVBORw0KGgoAAAANSUhEUgAABEcAAAFKCAYAAAD/gDH3AAAABGdBTUEAALGPC/xhBQAAACBjSFJNAAB6JgAAgIQAAPoAAACA6AAAdTAAAOpgAAA6mAAAF3CculE8AAAABmJLR0QA/wD/AP+gvaeTAAAACXBIWXMAAA7EAAAOxAGVKw4bAABx7UlEQVR42u3de3xU9Z0//tfnzCXJDAkBEtQECahggrqgIVhR1HIRbbsVsO22apTuVrQiVt12V4nfXgXx190Wr22lu1Uu21qqYKsIBayAoJKg4IVEUCFIgpJgwoSZJHM5n98fMyeZhNwzcz5nZl7Px+MokMycy1zO+bzO+/P5AERERERERERERERERERERERERERERERERERERERERERERERERERERERERERERERERERERERERERERERERERERERERERERERERERERERERERERERERERERERERERERERERERERERERERERERERERERERERERERERERERERERERERERERERERERERERERERERERERERERERERERERERERERERERERERERERERERERERERERERERERERERERERERERERERERERERERERERERERERERERERERERERERERERERERERERERERERERERERERERERERERERERERERERERERERERERERERERERERERERERERERERERERERERERERERERERERERERERERERERERERERERERERERERERERERERERERERERERERERERERERERERERERERERERERERERERERERERERERERERERERERERERERERERERERERERERERERERERERERERERERERERERERERERERERERERERERERERERERERERERERERERERERERERERERERERERERERERERERERERERERERERERERERERERERERERERERERERERERERERERERERERERERERERERERERERERERERERERERERERERERERERERERERERERERERERERERERERERERERERERERERERERERERERERERERERERERERERERERERERERERERERERERERERERERERERERERERERERERERERERERERERERERERERERERERERERERERERERERERERERERERERERERERERERERERERERERERERERERERERERERERERERERERERERERERERERERERERERERERERERERERERERERERERERERERERERERERERERERERERERERERERERERERERERERERERERERERERERERERERERERERERERERERERERERERERERERERERERERERERERERERERERERERERERERERERERERERERERERERERERERERERERERERERERERERERERERERERERERERERERERERERERERERERERERERERERERERERERERERERERERERERERERERERERERERERERERERERERERERERERERERERERERERERERERERERERERERERERERERERERERERJTchOoNsKLq46dk7Rc+fFTrQXW9Fw9+ayKPExEREREREVGSYqM/yq9frpS/Xv8Bjn3aCAgg5Atg06PXY9akPB4nIiIiIiIioiTFRj+AR9Z/IB9d/wFOnPDClmaHHgxBD4Tw79+aiIdvncxjRERERERERJTEUrrhv/7Naln62E6EWoMQdg0yJBFqDeLq4nwsu3UyLh47PKWPDxEREREREVEqSMnG/4Gak/I7/70N731YB2dmGvQQoPuDGD1mGF65/8s496yslDwuRERERERERKko5UKAb/xqu3x5x6Hwzts16P4gzs7PxlMLLuXYIkREREREREQpKGXCgM17a+Q3/ms7/F4/bGl2BFsCSE934JH5xbj92sKUOQ5ERERERERE1FFKhAI3/tc2+ZdXP4IzKx16SCLUEsC3Zo7Dqh9ckRL7T0RERERERETdS+pw4N3qBnntTzfjiy98sGfYEWwOICd3CF796SyMH5Wd1PtORERERERERH2TtAHBsr+8K3+6+m1oDhsAQA+E8G9fK8KT37s0afeZiIiIiIiIiPovKYOCa376d7l9by3s6XboQQlbmg27H/kKilgtQkRERERERESdJFVY8Mkxj7zsPzfA09QCYbdD9wfwz5eNwdr7v5xU+0lEREREREREsWNXvQGxsumdGnnhohcBAMJuA6TEEz+Yhu9NP4/BCBERERERERF1KynCkUfWvy/n/HwLNKcNMqgjZ5gbm342C0V5WQxGiIiIiIiIiKhHCR8e3PH73fJ/X3gPjsw0BH0BXHLRmdjw4AwMczkTft+IiIiIiIiIKP4SOkCY88g/5MY3qmFLsyPUGsR3vlqEP9zG2WiIiIiIiIiIqO8SNki47id/l//YWwvNaYNm07D8+5fhe1edk7D7Q0RERERERERqJGSYMP3/bZSvvx2eqndYdgY2PzQbE87i+CJEREREREQUf5XVDfLu5bvivp7rp43BXfMuYFvXBAk3IOtXf7ZZbt79Kezpdpw3Zhj+/pNZODMrvV9vlnfrmmRzUMdZbieGpTmQmWbnm42IiIiIiIj6rKbeF/d11JqwDgpLqHDkqz/bLLe+XQPNoeHqSwuw4T+uEmf+d98f39gSkDtrT+KY1w+3w4Yjp1rxaVMr3jx2Uto1geHpDgx12jAig4O5knoer196fAEAQJPPH/l/AB5vAFluBwAg0+VApssJAMhyOZDl5nuXiIg68nj9EgCMc4qB5w0iIqJ2CXNCNGalsaXZcee8C/HfpcX92vb360/J/Sd8yHTakG4TcNg02DUBmxCwaQJOm4AAoGmi7cAIIXB+tithjhElFo/XL2vqvaiqbkSTL4Cael/Un71o6nQR21f5OS4UFmQj0+VEXo6r7e9FBcP4XiYiSjJH67yyqroRtfVe1NT7wv+v86Gm3gsA/TqX5Oe4kOlyIj/X1eEckp/rRuHobAYpRERRKqsb5A0Pbon7euZMG4OlC0r4/WuChDjID/xpr/yvZypgS7PjRzdejF/8y8R+bff6j+rkydYQRmQ44NQAh9Z1OGITAnZNQBMCISmRYddw9pD+ddkh6o7H65e7K+tQdaQRr+6pHVQAMlAzivOQl+NGSWEuphTlpsSFrnHH1AxWPZ5mHoOuDPa4qN5+lftOFM3j9cuqI42oqm7E1j21bYGImYzzSH6OC9OL8zEq1833OBGlJIYjycfyB/mFN6vljcv+Ac2m4Ym7r8C/9mNGmpqmFvnK4S+QbteQYdOQZrf1ORwJSomRGQ4MS3NY/hiRdVVWN8ite2qVhSG9KSnMRUlRLmYU5yVtZcmtS16T5VV1pqxrRnEeHr/ncksdR4/XL8tWlGPrnlol68/PceH5h2YNKiSYULo2YcORaJmucHe4LJfRLa7rO/QAkJfjZqOTAIQ/w1v31GDVpo8seR7JdDkwpSgX54/OxpxpY/i+JaKUwXAk+Vj6IFcdbZST7loPIYBVi2fgGyVn93l736g5KV+vPYlclxNpNgGnJvoVjgR0HYXDeIKn/vN4/XLlpoN4dU8tqo40qt6cPiscnY2SolyUzh6XVBe3qR6OPLx6r1y16aCSdWe6HHhm8VWDDt6SJRwZiBnFeW0hZrIGmHQ6j9cv1+84jPU7qi0ZiPSkpDAXhQXZmDOtgO9ZIkpqDEeSj6UHZJ36w5cgQxJ//MkszJ08qs9viD9Vfi43VjegICttQOmPBOCwaap3PyY+/fxReeyL3yLdeT7Oy/8VXOl9r7yh/tldeVxu3VOLWfdtSKgLWUPVkUZUHWnEqk0HsWj5Tlk6exymFI3k+yWBrdx4QC5bs0/JujNdDiy5rYSNo0Hauqe2rern0tvXyxnF+SgpzMHcK8fyuCahRD+PAEB5VR3Kq+qwatNBzCvbLKcX5+GW2ePYxYyIiCzPsieqyff+Ve6rOo4//nx2nytGGloC8nf7auGXwLA0O9wODTYRrgrpT+WIDiDLYcNZ7jTLHp/u+AP18vMvnkHdyRfR5NsBKQEhACmBkAQyMy7GGcNuRMGZP0q4fbOq3ZXH5bLV+xKqSqSvCkdno3T2eQndEEvVypHK6gY5f+k2ZQ2s+2+aiFuuHR+TY5HKlSM9KZ09Dg/cPMkS7zcanGQ+jxhmFOdh+iV5CX0+ISKKxsqR5GPJ8ogf/qFc7n3/c6z+6TV9DkY+avDJB3YdRmNAR7ptcO8dKSXsWmK9/2rr18i9B6+Ub1WegwNHf4iT3h3hH4hwJQwEIDTA0/IOPqz5Eba9myvfPvhV2XjqbTY6Bmh35XF565LX5Pyl25L2grbqSCPKVlRgXtlmebTOy/dKgvB4/bLs6QplwUjp7HExC0aoe6s2HcSE0rXy4dV7+dlMULsrj8t5ZZuT+jxi2Lqntu18sm77Ib5niYjIciwXjuw+WCcffW4f7rnlEvzLpaP7dHG9+fAX8ue7j8Bm05BuH/z1uE0I5GZYv/zTH6iXldW3y9ffzZQffnoTvmjajmDIA80GQAA6Oi5ShkuFbBoQCNah/uTLqDgwGdvezZcHax7ihUofebx++fDqvXLR8l0wqyJBtaojjbjmvg14ePVehiQWZwzAqqqhNWfaGCycO0H1YUgpDEkST2V1g3x49d6UCEU6M0J3vmeJiMhqLBeOXL14I0rnXoj/Ki3uUzix6v1j8g/7P4crzY60GI0Toglr5yKfnVgpKz68Su58PwefffE7BEJNkJHKkM6hiJTtSzSJ8O9L6GgJ1OCjYw9i4x7IioM3yBMnt/FipRtbKmrkrPs2YNWmgwnbH3wwVm06iGvu2wDe9bOulZsOKpuZpnB0Nu6/aSLHFlDEGOOhsrqBn0+LMsL1+Uu3QdVAyVbCYI+IiKzEUuHIdT/fIi88Nwf/e/uX+nRhvXTXIfm3T76AO93S48rGzIef3iff+OB8+f7hW3DSuw1SoH2RgB5ZELVEhyN61BL97wLhN4KQwPGG5/Hmh1fhtXfPl+8dupMXKxHGBe3dj+5KyVCks7IVFVj8dDnfHxazbvsh+dS6/UrWnely4LF7pjIYUazqSCNueHALVm48wM+nxVRWN8iyFeUpG673ZNWmg/B4/XzPEhGRUpYJR/761hFZ8eFxbP7pzD79/ndfqZR7jp9CepotZtugS4mALnHu0AzLXNz7A/Vy38f/Ire9O0R+WvcreFs/hGaLVH10VxUSHYig+yqS6L8beYrQwgO4nmr+EIePP4VXyjPka+9eIj9v2JKyFy3GwJa8y9fR+h2HeZfaQiqrG5TPTJNMU0AnumVr9jHAtJB12w/J+Uu3KavqIiIiot5ZJhz5t9++gTeXfx1D0x29XlyXvrRfNjYHkeaIXcVIUJewaQIThlvj4v6kt1zu/fgGuf29HNSdfA7B0CloWvvMM9GBiETHqpDoQCS6igToWEVi/HMIHStKAEDTAE0AIb0ZTc1vY+f+mfi07k8pd6FtXNCmWp/wvjLuUrObjVqqB2C9/6aJmDk53xLfndTOCDA5TpA6Hq9fLn66XJatUPf5JCIior6xRH+UOb/8h/yXK87BublDery4/sLnl6Xr30djsx8ZaY6YrFuXEnpI4qwhaRidma784t7jfVd+ePQulH9YAl2GB09t21a9/c/RV7qy8z/g9GoS41faqkbQ++8DAAQQCgEjh12Hs3O/rfz4mGnlxgNy2Zp9vKDtg7IVFVi58YDkDCVqqByAtXT2OE7NaWFVRxrx3aWvqd6MlGQMjsxqESIiosSgvHKk8tMGqWWk4TuXFfR4cX3ghFfe+ML7CAGw22LTlSaoSwR1ifOHuZQHI76Wavlm5WS5+8DFaGjaDiAcjHTu+tLWRQZRFSQ9dJPRAYRkeImuFun8+0DHIpNQ1GPT0s7EFRNeSanGD4OR/lu2Zh+eeOED3qE22cqNB6SqxtecaWPwwM2TUuq7IRHV1Ptw65LX+Nk0EYMRIiKixKM8HHn4hQ/wzPem9Pg7++tOyTv+VgkdgMMRm2DEH9LhdthweX62yO5DV5548bYclOUfzpSvv1+ApuYKQIagae1dZToHIr11k2nrUtOpm4yhu0Akeh1GgYrUAV068KVxG1UdHiWeeOEDZWM3JLqn1u3nOAcm2lJRI59UNACrMTMNJYbyqjqGlybxeP0cX4SIiCgBKQ1Htrx7TN495wJkpdu7DSc+OH5KLvpbJQDAZht8hqFLwBsMYXRmOi4emaksFGnxH5fvfPQN+cb+cfiiaUt4Gl60hxMdQgwZDiqk3vXMM93NQtPlgo5jkhhBStvz6gJSF9B1gdYQcO4Z92FYZurcGV658YCy2T6Sxfodh8FpGePvaJ1Xlq0oV1LdlJ/jwjOLr+LMNAnmqXX7saWihp/NOPJ4/XLR8l0cp4qIiCgBKQ1H3j/WhMkFw3oMRu5Y9z4CUsJuH9ymCgABXUdAl/jSmUNx3jCXsov69w7dLnd+MAafNfwFuozMPIOeu8kA7WFGKDoMQffdZIDTu8l07pITDloEdCkgpWj7/WBIYtiQS/FPYx9JmcaP0ZWGBm/VpoMcpDWOwgOwqglGOGVvYitbUQ7OMBUfRlea8qo61ZtCREREA6AsHHnn0An5r1eN7fbnhxqa5YLn34MuALtt8JvpC+lw223453NzRI5LzUX9J7X/n9yyd4SsOfE7BHVf+2CrRnVIp6qQzmOGnBZ8dFEV0vaYyNKhm0w3gUhnupRw2rMxc+JbKdP4qaxuUNY9IVmVrajA7srjbITFwZPr9itpgBlT9hb1EGqTtTX5Aih7ukL1ZiSlJ9ftZ1caIiKiBKYsHMlIdyCrm7E+ajyt8vYX3gtPrxuDrjTNQR1jMtNxzZjhSi7ojzf+XW5//59kVc1/IBQ6ET7osnNYMYBuMuiii0zkuY3nj+4m01Yd0ikQaR/GxAZd2hDSgcnj/qTiUClxtM4r5y/dxsFX42D+0m28Sx1jKzcekKs2HVSy7oVzJ3DK3iRQdaSR3WtiTOXnkoiIiGJDyVS+h46fkmNHdj1t7xfNAXn9M3vgbQ0gwzW46Xp1XcIvdVx+VhYuUjS+yJtV18q3D17TPi2vbO8GY4wt0pVu/x3tlSACUVPyRj+v7H1XJYzfsUXWFf57MOTH6Jz5yBt+bUo0gIz+4YkQjGS6HMhyOZDpcqLJ50dNvU/1JvXJ3ct3qd6EpFFZ3SDnL92mZN2ls8eBUzUnD46tFDsqP5dEREQUO0rCkWy3s8t/b2wNyhvXvguP14/0jMFtWlDq8PiBb47LwdlDM0y/oP/w6E/k4c8eRoNnI4QGaCKqQqOPgYiM+r/xZ9Hp99vHG+ltF0VUIKKdXj0iBUJ6K4ZkTMKXCp9JmQbQyk0HLdk/vHB0NqYX52FGcR4AID/H3e0YD0frvLKquhFVRxpRXllnuf2pqfdh0fKd8vF7Lk+Z91U8eLx+ecODm5UEeSWFuVg4dwIeUH0QKGaqjjTiaJ1Xjsp183M5CMbMNIkSsOfnuJGf6wIA5OW4AYQHWPZEtr+23oeaOi8AWO5cQkREFG9KwpFh3TTy7t7wIao/9SCjm/Ckr1pD4cjgexeeheEZ5k7T23jqbfnuoVIcrPlZuFJEhLvHROupKkR2+rvxh+gQpKda6A4/k7aov2ttj+/q93UZgKYNwZcv2gwg18xDpszuyuNykYWqGkoKczGjOA8lRbkoKhgmXujj4zo3bjxev1y/4zDKq+os0/99655abKmokeySMTDGQI8qqoUKR2fj8RQagHXOtDHIy3H1+3FG47jJF0CTzw+PN/x3KzcwX91To3oTEt6T6/ZbdmaaTJcDhaOzUVIUPrf0FLJ3Z0tFjbRq8E5ERBRrpocjjT6/zO5iQNTfvHFE/mrTAQwZmjao5/e0hjA2Mw2LLhkl/sPkfSs/8E35+v4SQIagaZ2Cjj4EItFhSNvP+tRFJno90S+piPxbx+fQu3h8UOooGfsYMpy5KdEAstLdvsLR2ZgzrQC3XDtePBuD54u++K2sbpB3L99liS44ZSvK4fH6Zao0smNJ1UCPmS4HliyYnDLBCABMvyQv5uOqRFd3vbjjsCU+j0D4fUUDt6WiRt79qHUCdoMRtM+ZNgZZbuegziudPwvG2CpWeQ8TERHFkunhSFfByN8P1Ms7Vr6NzOyMQT23N6DjwqHhYMTMffq8cZPc+3EpPmtYC02Ep+YFeu8m092YIX0LRNrH0pXS1vFnkcd3WYVy2t8FAqEWnJl1Hcbl/WvKNIBWbjqo/G5fpsuBhXMntF3AxmMdxqwiVrigbfIFwKmS+0/VFNOcmSZ2Old37a48Lpet3qf8O6jJF2DXmgEyAnYrKSnMxcJ5EzClaGRMgvauGOMObamokU9ZuGqGiIhoIJR0q4n24Qmf/Nrju5CWPrjBV1v8IVyZl4V/vfAsUy/y3vpwrtxdNRtCA2zi9DFFoqs0JAAho8ceOT3E6KxjVUh0CNI+bkh0yNI5EDktFIn8g/GYYKgFrrTzMGPiKylzcezx+uWs+zYo3YbC0dl47J6pMKtRYlzQ3rrkNamyNHr9jsNsjPWDyoEe779pImemiZMpRSMFAKzbfkg+tW6/0tCytt6r+nAkpPU7DlsmGCgpzMX9N09EUcEw8WyZOes0vht2Vx6X63dUY/2Ow6oPAxER0aApDUcaWgJy9m/eQjAQhN1hG/DzNLcG8eX8oaYGI583bJH7PrkRn3+xDrbIpkv0rZtMb/Mn9tRNpquqklAPjwc6V6IISCkRCLVACDsctjMx46K/AzjHrEOn3JPr9ivtTlNSmKtsDIdny64Wi58ulyovZB9Zs1fZuhOJyq5fpbPHYe6VYxmMxNncK8cK43VW1dCuqlaz3kRmhYDdUDp7HBbOnaCs65sR9FVWN8hVmz5iSBLh8fqlJzL+UE2dD00+P5p8AWRGZpzLcjva/sybBbHl8folgLZBhpt8/sj/w8cfADJd7WMb8virZ7xmNfXe8OfD5Uip7rxW4vH6pfE6pOpnQ2k48uO/VaH26Em4stIH/BwtrSHcXDQSXx9n3lgZ7xy8Te7+cCakADRbZEpeDLabjPE7YpDdZKIfE/WcsEHXgwiGmmG3Z2N41iU474w7MD7vFpFKwcjROq+84cHNytY/Z9oY3H/TRKVf+ksXlCgNSLbuqUVldYNkd42ela0oV9JgnjNtDB64eRJfG5NkuZ3CaGyrCMI4yGb/rdx0UPl4VZkuB+6/aSLmXjlWWGEWKeP7vLK6QZY9XWGZqpp4qqxukDV1Prz6dm1byFhT70WTL4Av3fFin59nQulaCYRnDcp0OZGf60JejhszivPawqdUZzTYjKCppt7XNrNSky+AmkgFXH+PPdDx+ANAYUE2Ml1O5OW4kJ/jQn6uG3k57pRtKA6Wx+uXuyvrUHWkscNsWG2Dl3fzmnV+XfJy3MhyO5CX40Z+jguFBdn8fAxQZXWDLK+sQ029L/z5ifocRb8WqfrdpCwc+fP7n8t7/7cC6UMGPjNNayCIr54zwrRgxNNSJ3d8cDmqT6wIz0SDjtUiUu+9m0w0Xdra8wvZezeZ0wZSjZ7f1whQIsGKAKBDg4SElCEE9SakO8/G+LxbUDTqLrjTzhKA9QaSi7enFFaNqL7DF23pghLx8Oq9ctWmg0rWv2w1xx7piapxRgpHZ+P+myZi6QLVRyC1ZLmdorK6Qd7w4BbT111Tx4E1+8MKVSOFo7OxZMFkS44HFD3OVbKNMdU5DIn15zXcvc7XFiyt2nQQE0rXypLCXBQWZKOkMDfpuzoag1fX1ntRU+9DuAHn7XfgMRBG98buujlOKF0rZxTnIS/HjZLCXEwpyrXE9ZyVRAch5ZH/D/a16+l1mVC6VubnuFBSNBJ5OS7MKM6z5PeiFeyuPC53V9bh1T21/f7u6u67aUZxHs4fnY0508YkVXioZEdqPK3yikdeg9QlbA4bbDYNNrsGZ5odmg2w2Wyw2QC7Q4PNJmC32WC3R/5s12C3aQiGdFx37gjcadLgqzs++rU8UX8/hGiFhqjuM/3qJtO5KqTrbjJ6l4+N/L2L34/ueqNHtk6Xfuh6AHbbELjTCzH5nGXIHz49ad64A6Hy7uyM4jwsua3EcidSlWOQ/P1XXzHly9TMfZxRnIfH77l8UPu0bvshWbaiwpTtjZaf48IfFl9tyROccffCDI/9YKqyBoiKiq78HBc2//qrlnvNreqJFz6QTymc5adwdDaeWXyV5c4lXTGmIO/rTFtv/vZ6y+3X7srjcuue2raGnhUYYUnp7HGW/L7uC6MSxLh7bYQgqiuy+st4LZL9TnpPrPYZyXQ5MGfaGNNeE7NubMyZNgZLF5T0a3+iA5F4vzYzivPwnzdNStjvpGhKKkfu/cv7aDnlH3DViD8QwlfOyzEtGHnp7atkQ929EJG1hWLUTSZa3wKR9sfpUYFIh+oS2YpQqBUZzjyMHHYlpox7DK60kQKYbsahsjRVpdD5OS5LBiMA8Pg9U025I9MVlQ0Mq1LV7Ss8ZW9JUpzUEtmcaQWmj9ngSbDGiGovKhxTI9Gm1ja2MxGrSHZXHpdPvrAfVpuRCAh3hSuvqsOqTQfx8Oq9MlFCki0VNbLqSCNe3VMLVTeqYi36tbj09vVyzrQxCR1a9ZXH65crNx3Eq3tqLfcZafIFsGrTwQ7VDdMvyUupcdSO1nnlqk0HsWj5LtM+Z1v31GLrnlosWr5TJnpIog3+Kfpnzd5jctvbNXCkDWx2mkAgiC8XDMPC4vgHI7UnD8i/7i6QwdZt0IWA7KbSw6DD1rZIaYeuO6Dr9nB1SWTRI5UmEuGBVI1FIhyQGCGJ8ftStwPSBkgbdGlvWzoO/hrpOhPywWnPx8SCJfjW1Fpx9YV/EuFghDxev1R1UfufN02y7MVsltspHvvBVCXr3rqnRvXuW4rH65d3m3gii7bktpKUvetlJVOKRgqjfzVZz5aKGqlqZqFEnlr7lmvHi+cfmolEeG/vrjwu55VtlvOXbkuI8XhWbTqIa+7bgMVPl8ujdV7TKuwG4pE1e2FM/5wMwUhnRqM8UV6P/gp3mTkuFy3fKWfdtwGJMpX31j21KFtRgQmla+XDq/cm3esSzeP1y4dX75U3PLgZqxTdEN66pxbX3LcBT7zwQcIeZ1PDkTqvX5ategeaXYM2gDW3+oP48pgR+OGXCuJ+cfDGJ0/I3fsLEQpVo61kJKI9mBAdAgtIDVK3hZeoECWE9uAjegGiQhApwuOGSA267oCUdkhpRwha23L6bDg6QnozgqFWOO1n4bLxK/Gtyz4Rk8aWJdzFU7ztjpRumm1GcZ7l+wjPnJwvZhTnmb7eJl8AKzceSNgvz1hbtmafkgsNTtlrLXk5blPXl4yNlHhRNUYTACycOyGhP6dFBcPE8w/NgopzTW+MRp8RiiRCg6+z9TsO45r7NmDR8p1yd+VxnlcVM16PZAlJ1m0/JG94cDPmL92GrXtqE/a8YYRXi5bvlOu2H0r418Xg8frlEy98IGfdt0FZKNLZU+v249YlryXkMTY1HPmPFyvhaw4MaNreltYgpo8dgf+cOibuFwcv771efv75XYDQIYQxyGqkcgQapHREFjvC3Wa0yBLV7SVqOS3UaAtENIS7ymjQo55Th2hbOjOeIxhqRjAYgDu9CJec8xi+ednHYtxZNyXshVO8vfj6YdPXmely4M65E1Tvep8sua1EyXqfZNcaAOGycxWzB5XOHodbrh3P7w0LKSzINnV9iXA33woqqxuUjc+ULJ/TLLdTPH7P5cJK50VjXJREDUU62xrp5vDw6r0J2ShJNkZIkqg3giqrG+Si5Ttl2YoKJTcY48WoJknUxnu03ZXH5Q0PblY64UR3yqvqMK9sc8IFhKaFI583tciXXz8Em7P/wYg/EMIVY4bjwSvPievFgc/vlS+WT5D+5hcBAeiwm9RNxnba70cznl/XAV0PoTVwCi7neMyauBnzprwnLjz7+wl/0RRPxujZZptRnJ8wJdBZbqconT3O9PU2+QJItC/NWNtdeVyqCIlKCnOx0EKNFArLdA2sy+nA1zfwGeNSSbmCcwgQfj8k2+f0rnkXiGcWX6V6M9oaFX0dMDaRrNp0EPPKNkuP15/S51erWLZmX0J1MzC6ZxiVIsnKamFCfxiv0aLluywdXFUdacQND25GZXVDwrz/TRuQ9b7/2wc9JNHfaCQQ0DEqx43/vGIMlsZx+455PpGb3jkLesgDIRyRaXK7HmMkFPXn3meTEeEpeyP0PkwQJGXn55PQZQBS6khzjsKl5/0c4/NuFoD6i4tEsLuyTskXYOns8+L6no21hXMnKCkbfzWFxx4xBmA1+/1ZODobj98z1bJj4aQysys5zA5jEpWqBkLp7HFJ+TmdUjRSVFY3yOjQycz9XLnxgDRzsEIVqo40YtZ9G1BZ3SAT5UZNMntq3X4sfrpc9nfGEbPtrjyesN3LUkVldUNCvUZNvgDuXr5L9Wb0mSmVI5/Ue+VLOw/D3s+qkYA/hBGZ6fjtV4swNM0ety+TNz55Sr7xfmEkGEmLSTcZ2cduMmh7DkCPLNHPJ6GjNeiD056HS85Zjm9P/USEgxHqKxVdahJxrvUst1PMmTbG9PUmwqB38eDx+mXZ0+WmX5wn2owXqSaZG2uJyuP1K+lSk+ly4BYFFX1mKSoYJm65dnzbYsY6PV6/XPx0uVy2Zl9KfNaafAHc8OCWhO3WkWzW7zhs2a4c0dUiidLoTkUrNx5IyNeopt6HRct3WvK935kp4ciP/m8vNLsNQuv7uU9KCVeGHU9+rQgjMhxxO2luen+RrP3sTkjoANLC4QT6003GFjmMHbvJdB54tcO+IbqbTHiRkcFYIW1AZGyTgN4KKZ2YWPBTfPvyT8RFo+9kY2YAqqobTV/n9VeMUb3bAzJnWoHp69xdWYdULP19ct1+04OhRJ7xIlWYPbVufq65A8AmIhXjAQHJWzWiinG3VdXrqdKyNfs4DolFlFfVWS4gMcbeUTnoNPWsyefHouU7EzrY3bqnFlsqaiz13u9K3MOR2oZmuaXiUzj7U7orgWBQx39dV4SCoelxuzBYX36F9DQ+Dh1OSNgGOJuMDSFpQ0iePptM2+7I9kXXBWRkCYcgtsiiRRYgEAogGArijKxrcMtVX4jJ5/4/XhwNUGV1g+lTL2a6HJhSlKt61wdExVSiTb4AVIwJo9LKjQekiouQRJ/xIhXUmvx9lccBWXvFqpHEd7TOK+9evivh7rbG0qpNBy3XKE9V5VV1sMpsKUYwksxjiySDrXtqk+I1uvvRXZYfazDu4cj9f34XNmc/hjaREn5/EEu+UoTJeVlxu4h//q0J0t/6OqA5wlPywpxuMkZViBGKhJ9fQEobgqEAWvw+DEm/AF8vKcdXLvkrGzGDpGIQvRnF+Ql9t0/FTAKpdMFaWd2gZADWZJnxItk1+fymrq9wdLbqXbY8FdWHrBqJHaMLo5UHLTRLeVUdu9hYxLI1+5Q3EhmMkApPWXymyriHIy+VfwpbP6bu9bfqmFOSj+vG58TloqCp9aRc++YYGQzuB7R06JFDEL9uMkYgYmsPRaQGKYGQFAjp4aU16IXdloOrLliJb15WLkYMKeJFUQxUHTlp+jqnX5KnercHZUZxvunr/DBFwhGP1y/vVjAI4JxpY5JuxotkpGJmLbOnDk40KqoPgfBnlmJj2Zp9KTu2VVeWrdmH3ZXHGZAo1uQL4JE1e5Wt3+P1y2Vr9jEYIdOt33FYeTDYk7iGI7/8634ZaA5BiL618/0tAZx/dhZ+fvW5cQkGGpuPyw17zoMePAwgPTwrTNy7yWjhqXoj4UtIB0IS4SmAdSAQakUg5MfoEXNReuVhMf6sbzMUiaHyyuOmrzPRGxtZbqcwewaLVOhWY9yhMbuhVTg6G/ffNJF3oROA2TNrFY7OxqhcN98XPaipMz8Y4esSOys3HpCpOMZIbxYt35VQU2smK1VjMBjBCD8bpIqV33txDUfWlR+F1seiEalLDHU78fsbLorLttR88arc9PY5kPoJQLjausnoceomo0sNui7CiwwHIiGJtrFLQnoIrcFmZDjPxteLt2H2pD/yQijGPF6/6Xf88nNcSXFRa3apfZMvYOkUORaeXLff9Ds0+TkuPMYpexOG2TNr5edyvJHeqOjyV5KgY1ZZzZaKGiVdGBNBok2tmczKVpSbvk4GI6SalQf/jVs48lljs/zgky/6NN6IlBKhUAh/+W4xhsdhZpraL7bKbR/8M0JSh4QboahuMl21xtoqRjoFIh27yWindZPRo7rJSBk19W/UoK66BIK6HyGp4aLR9+HmaVXijOxiNlziQMVFbaJXjRhUXJy/uqdG9W7Hzbrth0wfgDU8ZW9JUoR1qWBLRY00OzxL1Fm1zKSiy19JIcORwaqsbpBlK8yfKj2R1NT7OECrBZh9c2hLRQ2rqUi5Jl/AMoMSd9aPkVL7528VR+H3+eFyOXv8PalLNHsDePimiRiVnRHzi/hjDdvk1veugxA6BBxdhyEy+s8dN0FGKkHCxGm/o8uo34v8u2z7T8duOVLqCOoBZGWch68X/w2ZGWez0RJHNXVe09d5fpIMbqhikEazpzA1izF9pNmW3FaCKUUj+R2TADxev+nvkUSeVctMKgZjTZaQXaVlq9VPd2l8xjJdTmS6HDC6q9bW+1BT50WTL6B8MHJj1pS5V45NqHOFcSzzc9xtFXB5OW5Ez7YXfU3R5Au0fZZr672WG5zXrJtDKs41RN159W1rjncTt3Bk7ZtHYO8lGAGAoD+IGZPOROklsZ9esvaLrXLre1+BECEI0XFbpIyqGukQiIhOgUiYLkWXgUd0INIhZIkKVKTUENR9ECIdF45ehGnn/1wAZ8fhqFM0FRdGyTLzg4pGUzIOympciJj9XiydPY5T9iYIo++32Y2kOdPGsLtVL47WeeU1920wdZ0cb2TwtlTUyLsfVdNlpKQwFyVFuZhRnIeigmHirT48Zt32Q7K8ql5ZN4dla/YpWW9/ZLocKBydjZKiXEwpykXh6OxBf39tqaiRtfVeVB05ia17apSGaet3VJuynpWbDioP5AzGa1pYkN0WahUWZCPT5UCTLwCPN9A2e1tNvQ/llXWoOtKoPPSk2LHqeINxC0d2vf8ZHBlpvf5eutuJZ0svifmFwMFja+Sr738dQkhAONuqOTqGGu2rbQ9EBGQk5ZAQnQKP9se2V4NE/7y9l5IutbZ/DYZakJVRiH8uXouhrjG86DGJiplqkuVObJbbKWbd+7KSWRqSSdmKctMvREpnj8MDN0/i90wCUDmN4ozixJ5VywxmT6sMhLs0vqB6xxOcir7s+TkulM4eN6DQ0ajaqKxukKs2fWR6SGKUt1upeiQ6DJlRnIf8HDey3E7xbAzX0fkGwpaKGvnq27VKQqqqI404WueV8QxGj9Z55Q0PbjZ936JluhyYUZyP6ZfkYUpR7oACLo/XL9fvOIxVmw5argKI+sfoUma1GwJxCUdqTvjked9bC4er53Ck2dOK//vhNFz2k9iu/7OGnXLze9cC0AHp6DCwSE/dZNqrPyLhRy/dZIyqkI7P3fYXhKQfUkoU5f0rvnzhrwUwJh6Hm7ph9oVtLO5kWElJ0UjUmHiRYNUEeaBWbjwgzb4jVzg6GwvnTsADqneeemWMiaAiGCkpzGWXqz5QMVMNxxsZHBVVIyWFuXg8BgNfFxUMawtJzK44tEL1iBGIzJlWgBnF+TEPQ3pjhCWqZnKJd9easqfVjcGT6XKgdPY43DJ7HLLcTrF0EM8V/TnbXXlcrt9RzcFlO8l0OZDlciDT5UR+rguZLieafP5INU64IscqwZIVxxuMSzjy9sf10Bw9P3WL149/vmw0LoucDGKl9ott8u/vXgsgAE2kAZCRio6uu8m0VYAYP+i1mwwgZfsUPHrk/yLqSSSAQMgHp2M4vjLxjxg1YiovQhUwu6+42dPfcn+sa0tFjTR7BPr8HBeeWXxVUgV0ycjj9csn1+2Hiu5WhoXzJuDZMtVHwvpq680ftyrLze/dwTC7amTOtDExnyq9qGCYMDsgUVU9ojoQ6YrxWlZWN8gbHtxi2nrjWe2suqvZ/TdPRFHBMHFXjJ87OuRfufGATNVqku4qrXp7nOoufYCaKv/exCUceetAPUQP8+AEAyFkuZ345dwLsCKG6z3WsFNufve6cFcaZESyiq67yXQYmLVf3WTaHysAiEjAorf9TMIf8uKs7CvxrUtfEcDUeBxisiBe1A5OuI+pXyZ6494oXTWz4ZvpcnDKXgvzeP2y6kgjdlfWYdZ9G5T2mS6dPY5VI32k4iI7L8etercTltkNwNLZ47Bw7oS4fO+qCEjMqh4xGnIzivPauiGpDkS6UlQwTJj5nopXtbPH61fWnebOuRNw17wLhBlh/C3XjheAmqpdVYyKHGOMo/5+jowwVFW1FABsTZXKkc+bWiC07tMRPSjxs29ehOwYTtv7xan98q8VX4ImACnDg6921U2mvUKki6qRXrrJdBZCxx/rMghdD6BkbBmmjl9s2YvPI8dPyX/s/xxXF41EwRmZlt3OwTL7wjazDwMQJxIVlSM1Cu7UxpLHGzC9dDXT5cCS20raSrJJDY/XLz1GuWqdD7X1Xnh8Aby6p1Z5IGLIdDnY7aofrPCaUd+ZWTVifJbiGUib3ziPb/XI8w/NaptBZlSu25KBSGczJ+eLRct3mjLNery68a1UVE2x5LbJUDGOzS3XjhcqG/tmKCnMjdzoGNi4LZ0Zz7Fu+yFZtqJC9e4pF5dwZN9RD4TW9WslQ0DuGW58pzh2Myk0t9bL59+6GLoeBLT08HraVthdVcjp3WSixxPp3E0m+uddTQccCDUjzZ6L60uew1nZky3ZSKk/2Sxv/O9tGL9gLUItAdhdToz57nPywrHDcfs14/HPXyqw5HYPhMfrl1+640VT15ls3VCip8SjvimvMn/clIVzJ3BmmhgqW1GOWfe+LHv6nc5TRAKA2d83AxHr8v9kp2JAVqsNTJcodlceN3WK0ngHI4aZk/PFrUtek2adW55atz9uz52o3z1LbivB1j3x/36P182hVxWMa6UqGDEY77VkqyIZzMDPfTH3yrHi4dV7pZlBsxVvQmiDf4rTHa5p7LZbTdAfxNoFJTFd31/eKkFrsBFCy4hUi4i2RZeRaXtlpFsNBHRo0KUNurQhJG3QETV2SCT90GX430JRiw60ddVpm9kGGlqDXuRmTsEdMz4WVgxGDn/eJOf9YrPM+85qbH/3GDS7BkdmOoQm8FmjD1vePopvPrwVzq/8Xo68aY1c+tw7supoozzVEpCDX7saHgUftmQLR1RUwljxS9LqSpJkhiSraPIFUFPv63EJD2gWSKj3a+nscUovVql3DKQHzswBvWcU57WV8JthSYyvmXtSU+/D0Tpvwl77xUOW2ykSdaDk3ZXHpYoZ86xyrrnl2vHi+YdmJsV364ziPDz/0Czccu14Ec+g8YGbJyXs+z1W4hKOQHT9mvm9Acy4+CwUxbArx9o3L5WtgToIOKHrgK4LhIxwQ4q2EKTjorWVgAjZMRAxQhBjaa8aEe3hitSgSw0hXSIQDOCC/Ntw49QtlvgiiHa0/pT89tItctwtf8RLb1bD7k6DZo+85FICENBsNmh2GzSHHXa3E6dag/jpyj248LvPIffGNbj+Z5vlr9a/Lw8cbeTJshdZSRaOUGKYv3QbPF4/P5/UrTnTxnB65wHweM0Nv5Kta6aZPjSxAXj9FWNM3bdRuW4xZ5p56yyvPG7q/iUCM25CGOOuxfI51++ojvt2R8vPcWHh3AmmrrM3RQXDxPMPzUr4mcAyXU7Tqq9KZ49TvbtKxScc6YIe0uFIt2H5jRNj9px/rfiKrPfsgRBpbUFGeNBVG6QRhEC0LdH9YoxBVEMAguhYGdIeiGjti4xeBIKhVgR1Hddc9Dtcc9GvLXXRWdfYLK958BV57nefw/PbP4bd7YA9ww5IvdNvyo5LpN+RPcMB59B0SCnxylvV+I8nd+GfFq7DmH97Tl72o7/JZzZ/KBtPtVq6MaaiHDrZKkdUDDBrdmMkGTT5Ali0XM0o9GR9haOzcf9NsTvvUvwk2znELB6vX5pVOZKf41LSjXH6JXmmrau8qt7s3bO8wtHZpqwn1l1rzBzsMtPlwJIFJZbsPpXldopny64Wqd7o76spRbkpfT4yLRwJtoZwXckonJWVHpMPzbb998qjX2yGw54d6SZjhy7tkW4ykTAE7VUh6Ec3mfZApGP3nHAXHQG/3gy7LRs3T92OCfk3WOZLoKk5IBc9tVPmfXsVtu2rhbAJ2CN3oqQuI4veYTktIImi2TTYXQ44h6ZB2IDPTnjxdtVx3P7YTpzxndXImPcHeddjO+QJT4ulgxKzJNtdP86akDjKq+qwcuMBfg6pg5LCXE7vPAhmd5vijGcDs7uyzrTX6noTKziizZycL8zqGmDF2SNUS8TPZmV1gzTzO2xGcb7lZ0J74OZJ4vmHZsJYliyYrHqTLCnL7RQzivNVb4YypoQjUkpoNg2//MZFMXm+D2vXyv1H/wd224g+d5PpHIa0d5PR2rrJ6FKDrov2pa17Tns3m+agB8PdRbhr1sciN6vIMl8Cj/z5HZnzrWfx27+9D8cQJzSH1u2guB1em7bQpOvwpD1EAYQmoDk0aA4BW5oNUpf47Uv70eIP9boes6kYCyART549UVF9QwO3bM0+7K48zoCEAIS70jzO6Z0pBZg5psKMYvMqODqbblJjpckXSOlxRzxev6ysbpCV1Q1yS0WNXLf9kGmVSbFUbvI2z5lWoHqX+6SoYJiIXlRvj1XlJcE4LQMVl9lqOpO6xNhzhiEnBhdpHt+n8v/eKIGmOTtMP9N9/YNBdJqhJvrPHZ8j+jnbH6vDH2hGwYjr8O0v/dkyH6aN5dVywaPbsfh3u2B3p8GWboce6hhWiNPGgBn85ktdIugNYNnCy5CfY73R9ZVMQ1uX2NPQUuJbtHwXjtZ5JWe8SG2ls8eZNpsGkWpmNQILR2crnTJ9RnGeadMVv5pk1SMer1/W1Hs7TLPe5Augqrqx7WZaTb0XTb5AQsw81hdmzp43ozjP8lUj1D9mdSWzIlPCkdZTfqy7/VKc/cDgn2vd7tnQgz7YbBmnjRHSLir46CIQCc9og6jf6fzn6MdokJAI6TouyC/F1yY9bokP//FGn5z787/jq/e/BFu6HY6stKg96LiJUnY+Ql0csQ4BSh8qTkI6zh0zDD+c80+WOB6dcaYV7k8qavIFUPZ0uerNIEUyXQ4snDsBt1w7XsTgdJvyUrnPdaLweP3SrMZsYUG20n01s7GiYlr6wfB4/bLqSCOqqhvbZhSrqfNGZh/zJk3g0Z/jMeu+Daat7/orxuBx1TtNMTUlhWdCjHs4EgqEcMF5I3D2cNegG9Fr35wtj518HQ5bJkIdGviiY5VHF1UhQPRAq6fHA+HHiLbnMOhSRzDUgsvPux9XnP8jSwQBP11VLvO/8yyEEHBkpiF6MNX2PexiU3vY+tMDlO4fIIRAsNmPv/54Fs5fofpodI0zxwyeikqYZOuapEJ5VR0WP10uly4oscT3FZmjpDAXSxaUgFVDiYsDUvefmd0dVJeZZ7mdYta9L8uael/c12XlbiSV1Q2yps6H8qo6lFfWpWT40RujCsYMmS5HSjekk1WW2ykuvX29qePWWEXcw5GAz48ffOV8vPmzwT1P+ce/ljsPPginPRMy0vgfeDcZ4/eih1zp+HgBQJdB6BK4/uKVKMz7qvILzj0Hj8t5P9+IX/zhDdhcTmh2G7rrRNTlv5/2T6LHv3b33IFTrbj96xfi/LPZVy+aJwW/QGKNd2pjY/2Ow9hSUSNVzKpA5jKqReZMG8NuNDFmdlibihehg1Ub49k9emKFMvPpxfmmdK0xppW1wndKZXWDLK+sw9Y9tag60ogbHtyiepMsr6Yu/gGaoXB0Ns89SSrL5UjJ81JcwxGp68jOcaP4vBGDep5G32G5emcJ7DZXJBCJdI8ZUDcZga4qIqIDFUAgpPuhS+AbJX/EuSO/rPxD/42fvCwvXbgWwq7BkZXexZ52p6dNlz3+9bTHC0D3BzE8Kx1P3nWl8mNiNbUm3M0xk4ovxGSb8UelshXlHH8kyZUU5uL+mycqHQchmZn9fRTraTxTgZk3JVR3qwFS5wbC7srjcndlHV7dU8swZABMDQ0t8Lmg+AifA5OrbdMX8QlHIo3sUCCECWdnY/yIwV2cP18+F0E9AIfNhcjEKdGr6aabTM9VIZ0f1xaOCCAU8kMTdtx02YsYNbxY6UXnzvdr5dd+vAHrdx2CLSN8UpR6fwYR79jFRgxmfiIJ6P4Qfl/2ZXz9LyqPSu+y3E4xoXStqaOtJ9vsLqyESWxNvgC+u/Q11ZtBcVBSmIuF8yZgStFI8WyZ6q1JXqnSEE1kZt2UyM9xWaLLmpnVK2aHdR6vX27dU4NVmz7C/KXbTF13sqk6ctK0dZUUsktNskrVc2BcpvJ1Z6VB6uGxKb588eCmPXut8ifypO8T2IQLIb19St3opT3g0NoWtFWYCMjIkBxGANI2tW/UVL3hoEQgGPTDJjJwx5fLlQcj1y3+q5x211o0eVuhpdkhQ3qXS+/a5/E5fepeCamjw9LdY0OtARSdl4OvTx2r/AKhL/JTeBqqWFBROWKFi89kUlPvw6LlO1N2SsZkdP9NE/Fs2dWCMwPEn9kXhkZXBtX7nUjMuilhlarG/FzzrmvMugbweP3y4dV75az7NqBsRYWpUzMnKzNv1rFyhJJNXMKR6eePhNQlbA4bvj154POyn/QdkXsOL4fN5uowM41sG29EQEpb29JdICLRHqSEjDBERnXHkQJSavAHW6FpLtwx/S1kZZyl7MLzg0P18oxv/F5u2vUJbBl2aHat04CrHXUXmrQtuuxx6TwRcrfhSUjitWVfV3VY+i0vx23q+szs42kGM8syAYZZ8bJ1Ty22VNSwwZUkzLwjmOpUjDHBhmH/mDWIrVXuoJoZ0sR7UPboUGTVpoMpObZBvFRVN5qyHqtUVFF85Oea246yivhUjjg1SF3CkW7HOTkD/9Cs3f0NCOGEhIAuNehRlSHtC9ra9UYYEl0RYlSISAnouhGcCOi6Fl6khpAUCIRaYdfcuPPLbyIzXd0duftX7JQXfXcNTjS1wuZyAkJASjm4RdfRMS3quIQDlJ6XQFMzHrhpMkYMzUiYL0Gz0+xk6y9u1snVYHaYlUrKVpSjsrqBAUkSMAbbVb0dFB9mf+8mOrNDfNXMnIkvnmHF7srj8oYHNzMUSXBWqaii+LBKKGy2uIQjlxWOhB4I4fIJIwf8HP+o/Ik84f0QQqT1q5tMqEM3GUDq7WFI+P8CuhRR3XEEgnoQmpaBO6e/gcyMM5Q0/huaWuQ/fW+1fGTlW7Bl2CFssd2M3gIUnF5A0raEmgM4N38ofnHrpQkTjKjQ5AvgaJ03KRotHq/flOkCoyVzQq36BNPkC+Du5btUHwaKEYZd5lAxPSUrg6wpFaeZj8e4Y0a1yPyl22D2NQYRUV/EJRw5Py8LIX8IX580sC41Ta1N8p3q/4HD5sJAuslIGVUdEvmz8Zj28UnC/x7UAwDsWDj9TWXByKbywzJnzm/wwaF62DOdgIjew+gF6DHFGITuq04kZDCE5358nYpDMyiFo4eavs5X99So3u2YUFHarTpAiKeFcyfgmcVXKd0Gjj+SPBh2Ja+tSXIOMYtZDWyr3CE3c8rUWA926/H6ZdmKclOmIk51Zg2on8zXbZS6r29cwpGxZ2RCDwRRcu7wAT3++T0LoMtmAPb2bjLoWCHSuZuM1EVbN5noQES2/TkSmEiBUORnQRlESErcOvUFZCkKRu594h/y2vv+AmG3QUuzoUP/oNOWEHoOR/qy9I/uD2Le1eNwyXg1x2cwVFzMJMtdPxWl3SrCLDOUzh6HW64dL6YUjRRzpo1Rui1b99Ri3fZDDEiSQE29D7cueY2vZRxluZ2Cg7Jal5mVmlZqJJi1LbEc1PNonVfe8OBmbN1Ta8q2pzqzuiolc8Uvpa64hCPDhqQJGZQY7u5/4/Qzz6eyrnELIFwdu8kYSzfdZEIQHapC9MgiERWoIDKxrdCgQ0KXAt8uWYWzR5g/K02Tr1Ve+v3/k4+ufRu2DCcA0Z599ET2FJ50HLa266Uvv2OsCxCawF9+9tWEC0YANSXRyXLXr7yqzvR1lhQNvBueVZUU5mLh3Altf1+6oESoGOQxWtmKCnbJSBLlVXVYufEAX8s4UvF53V1p/vdvIjJz/A0aOI/XL7+79DV2ozEJw1WKlVT9jrXH64kvuvRsOOz9z17WVnwHErao/i+IzEwTDj3Q/s/hoMP4e+RnXdVHdPy7DVJKBAMBzLn4MZx/1gzTG/6Vh0/IM29YgWafH1p6xwBJ9jIzr+jtkMo+fCf2usfh5wh6mrHmZ/+MGzebfYRiI8vtFLPufdnUsTOMu35mlr7Gg9mVI5kuR9KNeJ6f48Lj90w9rQz6sXum4pr7NijdtvlLtyXF+zQe7r9pYr8Hc162ep+yWUaWrdmH3ZXHJaf2jY/CgmzTw+JX3+bd9b7IcjvFhNK1pjQEU3HQ0FhU3xpdaRiMmMfcz4V5UwYTmSVu4cj0CSN7b4N38smJ/XLtW9Mh4IDUw4/WI88i0D6miAAgBdq7zkQeb/xfCK1tsNUOyYgUkNDhDzbjyvH34uIx3zD9YnLlK+/LC777LIQmoKXb0XWpSPeb1Vt40jeyx5BFD4Sg+/y4YWYhbpxZmNAX3NOL803v35roUzF6vH75pTteNHWdhaOz8ZbqHY+hTJcDSxaUdNk/fFSuW2ypqJF3P6puzIgmXwCLOGZFl/Jy3Ohv0KDiMxNt0fJdOFrnlckWMFpBSWGu6eeQZKlANEOmy2FKcJGKjcBYdN9ZtmZfQnalyXQ5kOVyINPlRH6uCx5vQElF7WC2PxUDPaJYiFs4ckXhSAT1/gWXm969D7oeCs9Qg45VIdEhiA50yBTCYUh7EKJLhNMT49ci/y4B+EM+TDjz65h1wX+YfhH5/f/aLG/9xcvQXGkQmuihykMCYrCb1/PjO4csMhSCDOgQdg1X/1M+Vi6+Fvm5mQl/oa2in3Cil0Sv33HY9HWaPe1yvN1/08QeG9gzJ+eLxU+XSxXH2mB0ybjl2vEJ/zlXLcvtVBp4NfkCKHu6XPVhSEoqumc2+QJYt/2QnHvlWH42e5Gf4074GxL9ZVajd7DXT6pvAvS2b4Wjs5HldiAvx438HBcKC7KR6XIgP8d92o2NLRU1MpHCEbPU1LEiiJJP3MKR88/MhN6XLh4RtScPyz9smwybLQNA791ktEgg0jalbyRAia4wif59QCCkN2O4exJuvOxp0y84Zty7Vv7mL3tgG5IeDkZ606fuMT09T1+OffjxoVMtcGQ4MG9mIX7zgy9jWFaGyP+12UcoPlT0F0/0kdhV3OUpKTS/ARIvpbPHoS+NmqULSsS8ss1S5YU9u2TEjurAq7yqDoufLpdLF5TwtYwhFd0zAWDVpo9U7zpF8XhT7y58fo5rwI/1eP1y/tJtqnehLQQpLMhG4eihKCzIbgs/kqlatbMsVlQRDVhcBmQFgPxhGUjvx5gjL1TcAQg7dGlrm03GGDpUCC082IawAQgvemSGmrYFaJ/ZRnYcfhTQoOtBOG0jcfvV60w9wN5mvxzzzd/JVysOwZ6V0bdgpK96HJxV9vpY3R9AyNeC2+dMxLHnb8ef/t9XxLCsjKS6sJ45OV/JbAOJOiNIZXWDkrsjyVI50nkA1t48ds9U1Zvc1iVD9XYkA9UD7q7fcRhbKmr4WsaYisGiq4408rXsA/NmbrFGOGLuDD0DH3Nk/Y7Dyip6SgpzcefcCXj+oZnY/Kuv4Nmyq8UDN08Sc68cK4oKholUGGvLrNkazZoymMhMcQtHhrqcYrirb19Ajc2N8otTewCR3jEMgYb2IEQLT9cbFYoYIYiOSFcaaF0uIT2IkK7j9i9vhNtpXuP/4NEGee6NK3DkeFNkRpr4T73bQReBiQzp0FsC0FsDuPLCs/Dp83fgtz+6RowYmlyhSLQZxfmmrzNR7/qp2O6SwtykGYw1y+1Afy68RuW6xWM/UBuQsEtGbKkOvMpWlHM2ohgrKcxRst5H1uxVveuWZ1awXlPvVb2rAMy9U5/lHnjwZHYFbabLgZLCXDz/0Ew8W3a1uGveBSkThHR3PMzAqccpGcUtHOmP59/+dwgtDRA2yKgwRJfh6XrDU/O2T+mrI3pC2vYQpMNEtVHTAAeCzfh68e+RO8S80vHNez+VE279Az6v90I4bJC67HLpXYzCExEeaDV0qgVFY4bjnd+X4rXHvyNGjUz8cUV6M/2SPNPXWXWkMeHuxnu8fqliIMASBX36rWTm5HwxZ9oYpdtQXlWHJ174IKHer1alOvBq8gVwNwfbjSkVATsA1NT7ErYKsa92Vx6XxqJ6W3pilUagmRUseTnuAT1uS0WNqd3QMl0OLLmtBM+WXS2KCoYl/TVtX5hZjZtqY/5Q8otrONLUEujTieSzxl1AZIaa3rrJyLbNbg9EoqtHogMUCSAYbEbRqFsxpWCWaV+Yv93wvpx9z3MI6RJaWs/DunQXmvQ9QOlb9UnoVAsyXU78eekcfPDsd8XEcWekzAlExYB6APDUuv2qd71f1u84rKR0WHUwYAWqu2MA4fcry/hjY+bkfDGj2PxQ1lBT78OtS17jaxkjWW6nstdz2Zp9qnc/Ljxev1z8dLmcv3QbjGUg4YOZ3WatUD1SVd2oehN6ZeZU1IWjs/H8Q7Mwc3J+ylzT9oWZn4tEn4SAqLO4hiOZ6Y5ev6zer31DBoKnIKXWp24yElqH0MRYoANSaoA0Kk40BEN+DHEV4pYvLTPtS/N3L70nv//Q36AJwKEBdilhkzrEgLrUhJe+BCjdLXprEKFmP/792yU4+fJd4lvTE3tq3oHIcjuFigE/t+6pSZjqEY/XL59UEOYUjs5Omi41g6W6OwYQ7pKRKO9Zq1tyW4mSAaENxmxEqo9DslBRgQgk9hhW3Tla55VlK8pjMjOamZ+xcgs0AquOnDRlPZkux4DPzeWVx03bxmcWX8VriC6Y+bn4kJUjlGSUd6vZ+dETkDIUnnkG3XeT0SPdZKKrQsKz1ISDkBC0tu42uhQI6iEIOHHHVX82bV9++9J78o6lL8HmdMCuCQiE54PREA5JHD0sxl6LLpf+j00iQzp0XysuHDsCH//pe/ivRdNT+uQxZ1qB6etMpLEclq3Zp6RqZLrCu+tWo7o7BsAuGbGU5XYK1YGXMRuR6mORDFR1rQGAshUVSTOOzO7K4/K7S1+L2axoZlaGWmHwSbPGHBlo47qyusG0LjWls8f1a4yvVGLm54KVI5RslIYjXr9P1nsqIUUaeusm0xYDRMKQ6EAkHJ6ItvFJpJQIhVrxlYm/wnCXOf0Pf/fSe/L7y16GPc0Bu63/q7RJCZuUsHe3wJinp7thZ8PxktAAGQxBkxJP338t3n3mu+KcfPbBnHvlWDGYaekGqryqzvJ3/bZU1CiZfjTT5WCXmk5Ud8cAwv2HFy3faen3bKKwQuDF2YhiI8vtVDo20Pyl2xL+dVy58YBctHwXYtl4znI7TTu3q75D7vH6pVkN0YGOBVZTZ04wkp/jwi2zx5myrkRk5uciGavbKLUpDUcafJ/jVOunEHD0qZuMlBpCMjxjTTgMCf9Ml+GaC+PfQ7ofo3Nm4Ypzv2ZaMHL7Qy/B6bDDDtE+YmznZRCElNAii62LxR6ZiSboacGl48/A8b8uxG1fn5TyoUi06Yru/C1bs8+yF7Uer1+WrVBT3TKlKHlmqYmlx++5XPn4I1v31HL8kRhRHXixGih2VFQgGpp8AXx36WuqD8GAeLx+uWj5ThmvCkWzzu27K+uUDsq6u7LOtArPgZ6Dak0al6WkaCSrRnph5hTkiTbGHlFPlIYjFdXrAWGPqgpBt91k2ipD0L4AnWaqBaBLCSnScOvUx0zZh6c3RIKRNHvbwRTdLXovy0A3QgAtLQE4APz2R9fgjadLxfCs5J2ad6AWzp2gZL1W7l7z5Lr9SrrTAOGSWOqa6u4YAKeEjaUlt5VAReWaoepIIxY/Xc7XcpCmFI1UUoFoSMSBdtdtPyRn3bchZt1oumLWmGJNvgBUzOhmePH1w6asJ9PlGHC3DDPHRKGemTkFeU29j9cLlDSUhiMfHtsIm0hvqwrRu+sm000gokd+pkNASjug2xEMtuDWy1cjMy3+d6R/99K78vtLXkJ6ur1tjJFBTb3bW3iinx64QAdamlpxwZgc1Ky/E3fcUMxQpBsqy6LLq+rw8Oq9ljpxrNx4QK7adFDJuksKczGlyLyptRONFbpjsOIgdrLcTvGHxVcr3Yb1Ow6zGigG7lQUshvKq+oSIiAxZqMpW1ER9wDezPEVzJyJJZqZXWqmFOUOuCrDrDFRVAyyn2jMHicpEapHKqsb5K1LXmtbrHZdTtaguFvNh5BIa6sM0bvpJhMdhoT/bguHIdIG6DYI3QZIIBDyIm/4VFxwZvwDgi3vfCoXPvQSnA4bbAJt8Y3WIcrpahnczDXhfkcAdCAQCKGl2Y8ffWcK3l/zPTFiqIuNzV6ovLBdtemgZQKSJ174QKqcInLhPLUNjESgujsGEL4bxPFHYmNUrlssuW2y0m24+9FdvLs3SDOK85VWAQHhgGRe2WZp1ddyd+VxecODm2MyG01fmDm+wtY9tUq6ya7fcdi0Ks/zB9Gt0+M1Zxuz3Kwc6Y2ZnwvA+t1xd1cel/OXbkN5VV37wsFkqQvKwpEvfF9Iqesd4gTg9G4y4Z/ZO4QhkAKI/h2hQZcCmjYE8y9/Iu7bXnHwczn3vj9Bc2jQxOl5hOh1kcakxF0uorcKE0g0N7fCaRN4/Tc34Zf3zGQo0kejct1KB9Vbtemg8rt+T7zwgVSZ8M8ozmPVSB+png4WCF/wcLC12Jh75VjlgRergQYny+0UqqtHgHBXqRse3GKp6Zorqxvk4qfL5fyl22I66GpfmDmmmNkDmHu8frl+R7Vp6xtMJY5ZAY5ZIUyiM3usPat2x123/ZBctHyXsm7klFiUhSOelhMA7ACMMER06iZjA9oCEZwWhkihQcIGCRt0KRDQ/Zh8zq0YEefZaRpPtch59/4Zzf4gnHZbtwHIYISn/+0+PGn2tuKS80bi2N8W4YqLR7OR2U/33zRR6fpVlUUbZc6qSx851kjfWWE6WCC5phJVTfX4I4k4boXVqJr9rCvL1uxTXt11tM4rH169V85fus304MBgZjeLp9btN7V6ZOWmg6gyaaac8Hgj1r95YdbAr4nO7LH2rNYd1+P1y4dX743bYNCUnJSFI581vAc9EmyEu8nYOnWTEVEVJLYOC4zfjUxiq0sdabYs/EvxfXH/Qp/2b8+g9oQHLocNQspBLf2l6xJebyu+P3cS3l79PTF0SLrlT2BWZIU7f+VVdZh178vSrDvyRjmhqgtXw5xpYxLiwstKrDD+CBCeSpQGL8vtFEsWlCjdhvKqOktVHCSi/7xpkupNaLN1Ty0mlK6VD6/eK81stO+uPC4fXr1X3vDgZqzadFBp42Pm5HxTAyuzBlmvrG4wdWywwd68MGugVLMrkxJVltspzB6fpabeh3llm6XKmZ2A8GenbEW58u8mSjzKwpETTZ+Ep+rtpptMdBgSLhzRYIQhHUbhkEBroAnXFy+J+zb/8z3/J9/7+Dgy0uyQvYwNYnQU6mnRoqbn7WqJ1uoPIhQM4U8/n4PfPPBVNi4H6ZbZ45T3G6+p96FsRUVc+45XVjfIRct3yvlLt5l256k7mS4HSmefp3QbEpUVxh9p8gVYcRAjU4pGCtUVbMvW7MPuyuN8PQdo5uR80xsdvVm16SCuuW8DFi3fGbfg3eP1y5UbD8h5ZZvl/KXbLNXwMPOmR3lVXdy7G3q8frlstXl3vDNdDtwyyHAkP9dtyra+auKsQR6vX6oaiDcWVIzxFu72t1lZxem67Yfk/KXb4jpLFiUvZeGIbkzbi667yehtm6dBRDYzOhDRI2FKQG9BtuscXDY2vuNuPPKH1+Xftn+EzAwnNIm2pbexRQYze40mJWxSwt8aQKbThso/LcC3r72QwUgMWOHurcHoOx6rC9rwqPbH28qcrXJyWDh3AooK4tvtLZlZYfwRVhzEzi3XjlfeuF60fJeSwSWThVXOIZ1t3VOLshUVuPT29XLR8p1y5cYDAw7gjfPJEy98IG9d8pqcdd8GLFuzT3nY3hWzuzuVraiIW0Di8fpl2YpylFeZN2Bk6exxA56lxmBm5YgZlbdmDy4cD1OKRiq5uVJT78P8pdtMHbNsd+VxuWj5TlNmyaLkZVe1YiHskCIchgjZMaMRaA9BgNMjhPZ/lwjqIXxzysN4CFvitq1v7D0iZ9yxElluRzjw0Nu3SACANoiMScgeI5Km5gAuHJOD7U/fimFDM9iwjKEpRSPFw6v3KpvOtrOte2rbyqNnFOehpDAX04vzMSq352mpjdLF3ZV1ePH1w5h13wbLnRTmTBuDW64dz/fvIGS5neJonVdec98GpdthVBywe9TgPX7PVNzw4GZlJeJW6x+eaEblusXKjQeUzvzVkyZfoO28AqDt3JLpciIvEiLk57iQn+uGxxtAk8+PJl8ANfU+NPkCqKputOT5pCd3zp2AshUVpq2vbEUFVm48IGN5fjOCETNvbBhVI3fF4HnMUraiIm7nIo/XL59ctx/JMojnkttKsHXPi6avt8kXaKuQLp19HuZeOTYur1XVkUY8+cJ+dv+lmFAWjuhShkMOobWFAzLyn67DgqgAIpxIIKS3IjMtDxPzSuJ2ke7xtsgx1/4KNg2wwQgyOq1O17t9vAAgewpPZPcDuJ481YppE0dhx//+qxj23B3x2sWU9sDNk8S8ss3SanfBjAvaZWv2YULpWpnpciDL5UBhQTYyXU7U1HkjF7Fey1+85ue4cP9NE7F0geotSXyjct1iS0WNvPtRtQ3aRct3weP1y8HeZUx1WW6nMMYDUqXqSCMWLd8pH7/ncr6WA3DLtePFrUtek2be4R8Mq1QSxsuM4nw8tW6/qYHjsjX7MK9ss3zsnqm93szojfF9YPY1SSyqRgCYXt1oVCbEqtHt8frlyk0HLX9d1V9ZbqfSm4FVRxrbQpI50wowZ9qYQb3fjEBk655apTcYKDkpC0eGpA+HlPK0QCQ6GAl3pxFtvyNEx80N6hquu+j7eBivxm07r7hlBZqa/XBnOCDRn8qw9s+86CE8adMpQGn0tOD6K8fhxUdv5AVrnD12z1SovhvfmyZfoO2OXiLJdDnwnzdNislFF4XNnJwvFi3fKVU2cpp8ASxixUFMWKGCbeueWmypqJEzJ+fzczoAqiuAqF2W2ynWbT8kzaweAcKNv2vu24DFT5fLOdMK+jXweLjrUh2eWqfmznesqkaAwU0DPFBlKypw65LX5MJ5EwY04Ht0QzvZQpFoC+dOwKt7apR+T1UdacSyNY1YtmYfZt37spxenI/C0UPbxqrJy3G3BYwer196fOGKNgCoqfOhvKoO5ZV1Sf06kXrKwpHRIy5CSErYZHs3GSGMgCD83aZLQDMCEQEYEYMRUdiFA1eO+2bcLuYe+PUm+cvVb2DIaWWCfQlJevudztUnofCjJOBrDmDhN4rxZNnXlFyoeloC8rVPG3HM58eFI9zIdTkwPN2BHFdyNnBH5bqV371NVgvnTgAbXLG35LYSVFWrbYyVV9XhiRc+kHfNu4Cv7yA9cPMk5dUHdz+6C5XVDZLjAvWfFSqAqJ2K6hHD+h2HsX7H4bYuTOePzkZ+jguZLiey3A5kuhyoqfOhtt4Ljy+AVy3QII9V1QgQ/izMuvdlafaxL6+qw/yl2zCvbLMsLMhGXo4LU4pykelyINPlDG+bywGjsW28BuVVqdPQVhUcdqem3oeubgpMKF0rAeBLd5jfDYgIUBiOnJE1FgFdh9OmtXWT0QFosLXHCp0DERn+uQDQEvRh2nnfxKN4Ky7b9/6Bz+Ql3/kNhmQ42qbdlSKW14ynhydSAk2nWvHj267CTxfOUHKBuunQCfno3lpkOTVkpznw0ckWVJ9qhV0AGz6plzkZDgxx2uB22DAszYGsNHtSXEhPKRppqZNGMiidPY7jjMSJVcYfeWrdfo4/EiOP3zNV+UX6/KXb2F1qgKYUjbRElzeyTlgVPd6LVRWOzo5Z1Yjh+mlj8NS6/Ur2p+pIY1uXpKfWKdkES5t75VhLdiUnshJls9Vkpg8TTpsbISkAOADYgLZpeyPT+kYWIW3hJfLzEAB/KIRrL/y3uG3fdXc8gzSHPdyxRxqL7HEZrFM+P/7fbVcqCUbeO35K/seOT+SuY01w2TW47eEQKs0mMMShIdNph10TaA7qqG8JosbrR1WDD+/WN8nKL7zysKdZftESSOhZD+ZeOVbMmTZG9WYkhdLZ4/DAzZPYwIqjUblu8dgPpqreDM54EiNZbqd4/B61rye7Sw3OzMn5yqdoprApRSNF6SCnpU12mS4HliyYHPNur4OdDpji6zHF5xkiq1MWjgBA0RnT4A8FoCPchUYgHIAIGQ5K2gITiQ5/bw0049zcich25cal8XXr/WtlfWMLnJqA0NvDEU2PDkpOXzRdQtNlryFKhwXhBOjUqVYsnn8FfrYwvlMSd+ZpDcplbx2R/723Bk6bBpdDg03rehNsQkATgEMTsAsBuyagCQEhgKCUqGsJoKohsRtJSxeUMCAZpJLCXCycO0H1ZqSEmZPzlUzRF40znsSOFRp0nK55cG65drzy15DCHrh5kvLvRytbclsJ4tGNLsvtFKqnnafujcp1i+cfmql6M4gsS2k4cvX534E/0AoNtnB3msgsueGuNLa2sAQi3NXGWPyhAErGXBuXbfrgwGfyj6+8izSHLWqN7Us41OgtJOl+EafNSwycamrFA9+dhl/cPcvUYGTbkQb5/a0Hsb/RB1fa4HpYGRs+PN28adziZemCEl7cDlDp7HF4/J6pHIDVREtuK0F+ZFpOVaqONGLx0+VsUMfAAzdPUt6wMKZrVn0sEtUDN0/iOcQiltxWYvoMKomgdPa4uI4HtmTBZNW7SD0oKhgmnll8lerNILIkpeFI4VmXiuGuPPhDIYSHI42EIegYhuhR/w8BSHdmYdKoq+OyTXPvXgWnwwa7raffkr0s3YsOT2xSoMnTih+WTjU9GLn/Hx/Jx94+CptNRIKgwTH2emRGcjSKH7h5kriT1Q/9Ujp7HBbOncBgxGRZbqf4w+KrVW8G1u84jC0VNWxQx8Azi69Cpktt0MzuUoPzwM2T2MXGArLcTsFuBB3NmTYm7t1eiwqGsWrH4qYUjWRAQtQFpeEIAFx5/rfhDzRDdBGIGGGIUUkC2BAMhZCZnosRQ86K+Rf746tel0eOnUS6XYPUjTKWgSxtI6egp/CkyduKr1xxHpb98DrTGpN7j3nkdX98Wx482YyMNDu0GA0yG9Alhg2y+sRq7pp3gVhyG+9+9MWdcyfggZsnCQYjaozKdVvivVq2ohyV1Q1sUA+SVcYfYXepwbnl2vFsfFjAqFw3X4eIwtHZMCu0W3JbierdpV4wICE6nfJw5KsXfU9kZoxEq+5vC0KiwxBjMX4mpcRQV35ctuVnT26FK90B2WtlSB+u/XsJTzynWnDV5AL89albTWtMPvpmtfzh5gNwOm1w2GP30ksZrvlJlqqRaHOvHCuef2im8m4LVpXpcmDJbZPB6VzVm3vlWOV36tigjh0rjD9SdaQRi5bvZNg1CFOKRvIcYgFTikZaIkBWqXB0Nh4zsdtrltup/DssVlRX8sUTAxKijpSHIwBw51X/DX/QDwE7ometiZ65xsgVAOCaoptivg2l//5H6fMFOsxO07OBByj+QAjn5A3F33//b6Y1KOes3SdfrDqOjAwHNBH7l31o2uC75lhVUcEw8fxDs6C64Wk1JYW5eP6hWZh75VgGIxZhhfFHaup9bFDHiBXGH9m6pxbrth/i6zkIRQXDxOZffzVpGoqJKpVvdsyZNgbPLL4Ko3Ldpp6vk2FQ3NLZ40yrtlGFIS5RO0uEI+fkXiguypsGX8AbqQ7pGIjYhB02YYcm7ADsGJk5OqbrrztxSm7YVoU0p63DTDLhmWe6H3gVQC8/Pz0wCek63Ok2vPncQlOObXVDs5z+P2/JxqZWOJ3xCTCCUuIMV1pSN5DDZe6Xsw95xJ1zJ+Dxe6aafqFFPbNK/3o2qGPHCnf0ylZUsLtUDDxw8yQ2QLpQUpiL+2+aaEpFg3Gzo6QwV/VumyLT5cD9N03E0gUlyrq9Pn7P5SIRj7dRGfvAzZNEpsupenPijiEuUZglwhEA+MH0X4tMRzZagq3QAWiRMEQTdoTQPvaILgG3c0hM1/3jX70Cb4sf9i6msO1pGl5N7/lasXNYood0BFoC+Pv/fA/DhrrifpLa/FG9/Oaat9EakrA74vNSB3WJbGdyjTXSk1uuHS+ef2gmUnW633C1yEzcNe8Cji9iUUUFwyxRPs4GdWxkuZ3isR+oD7zmL90Gj9fP13OQjAZIqp5Dohnnk2fLrha3XDvetPNJltspni27OukbgeHGfQnMPLbdefyeqQk1a1AqV8YyxKVUZ5lwBADunvFrBIIBCNHercaoJDGKL3QAw11ZMfuyOuVtkav/9g7cGQ4MZGyRnsITYwHCY6X4fAE8/O/X4Z8K8+L+Zbtiz1H5wxc/gM2uwWGPX5eXoC5xdmZ6Sp08igqGiaULSsQzi69KmZNHfo4L9980Ec+WXS2KCoal1OudiKww/ggAjj8SIzMn5ytvTDf5AljE1zNmli4oScmgPdPlwJxpY9pCEZXnkwdunpS0Yy0Yjft4TtfbH1lup3hm8VWWD0iMSptUr4xlFQmlMkvd8h8zolD8ec9TclPVn5Buz2j7dwE7IIw/+2O6zmW/eRWaAGxCRFKYziRkrzO6CPQUpAgJ+P0hzPzSObj71ivi/mX7Hxs+lI+/+jHcQ5zQtPitzh/SkT8kLd67Y1lTikYKAFi58YBctekgaup9qjcp5jJdDiycOwFzpo3hFL0JZsltJaiq3qz0fVlT78OtS16Tz5ZdzffOIC1dUCLmlW2WVUcalW1DeVUdVm48IK1wJzoZGMFAZXWDXLXpI6zfcVj1JsVNSWEuZhTntZ1LlqreoIgpRSNFMh1/K5+zje15ePVeuWrTQdWbc5rC0dlYsmAyeAOo3QM3TxKV1Q3yqXX7sXVPrerNiZlMlwOFo7OxcN4EvLBE9daQ1VgqHAGAbxXfKRb/9WZZd+oY0mzpbdP6CgmEZAhjc4sB/CNm6/v9c28izWFvq/DoSk8/C5PQewhQgqEQ3Ok2vPw/34v7F+73130g//Z2DTKz0+O6HiklBJByVSNdMRoKWypq5KpNB1FeVad6kwat84Ws6u2h/styO0VldYO84cEtSreDDerYeeyeqbjmvg1Kt2HZmn3YXXlcGuEwDV50SLJ+RzWs2HAciPwcF66fNgYzivNQVDBMPKt6g7qRDCFVfo4LpbPHJcQ5+4GbJ4ndlcfl/KXbVG8KAGsHSlaQTN9PmS4HSmePa/9OKlO9RWRFlgtHAOCBa57EPc/PQ2uoFQ5bWmRqX0DXJXLcsSsVf+nVD2TpvWvgjMGYGVo3AYqUEkF/EK+sugOTJvw0rsftjrXvyS37jmHI0PhXc4QkkJuRvFObDYRRvpqoF1hGkn7/zRMtfSFLfVdUMEys235Ilq2oULody9bsQ2V1g+QducEZlesWWypq5N2Pqu3esmj5Lhyt88pULjuPh+jPx8qNB+TWPbUJF7ZnuhyYUZyP0tnnIT/HnVCNTeP4H63zyqfW7U+Ic3ii3siYUjRSqD7Oxnv1zrkTUroLTV9Ffz8l0s1A49o2ET8npIYlw5HM9KHi/doK+cut/w5Nc0IIAQ026CKEz5s+jdl6fvL45vAIr1ICvXadGRivz4+bri/GpAnx7fd555/fla/srUVmdgYE4vu5D+gSdiEwblj8B5VNRJ1PIOVVdVi/4zCafAHVm3aaTJcDU4pyUTp7HApHZ0cGqlO9VRRLc68cKxYt3ylVl8QaA3rywmRwZk7OV/56NvkCHE8mzqIrrdZtPyRffbvWkmXtRsOjpCgXU4py284jVuk2MxDRDeWVGw/IJ9ftt9z5u6QwfN6eUpSbsI094zibfUOpc0XT0gWqj0TiMW4GHq3zyvU7DuPFHYct1bXcuLadfkkeZhTnh69tVW8UJQxLf6Gu3v2Y/PuHz8PtHAq75oAE0BpswYrvvDzo7T5Y2yin37AczS0B2GwxHJc2KmQJhHRkuZw4/PqP43qcF657X/511xEMyc6Aw2mD3a7B7tBgswloNgGH3Qa7Q8Bu0+Bw2GC3aUhzarDbwovDrsFh0zDcYUOmQ0OaTcMQuwanTYPTJuByaHBo4WOUZhM4LzsDo7MyLP3esaLdlcdlVXUjyqvqsLuyTsnFlnHCOD+Soifanb2BOFrnlU2+2I5V1BOrVkdYYeaYTJdzQHfozNz2gW6j2RL59aSB21JRI6uONKK8sg5VRxpNP4+k4jkEUHv+znQ5kJ/jRklRuErECKBUH5NYM7ptvLqnJuYNbSPAmzOtYMDvWTO+cxP58+Tx+uXuyPeS2d9P0Z+RwbzGA2XW+VjF9aUZ+2a162ZLbUxXfvbKIvlpw8dIc4QHaPXHKBx5/I9vyrKfrMWQLFdbt53uDPRd0dwSwPqn/xXTp8avr/0v/vGx/O3fKuHKSofdYYtLOOK0C4RCQNEIFy7MGWL590yiiD6R1Nb7UFPnRW29d9AXBZkuB7JcDmS6nMjPdSEvx40ZxXnIdDks9wVEREQDF8/zSH6Ou+0ckp/jQklRLs8hEUfrvLK88jjKq+qxdU9NTBuBRjVOYUF2UochPfF4/XLrnhq8+nYtqqob+/V+zs8Jv2cLC7JROHooCguy+b5V5GidV1ZVN7YFJgBQW++FxxcY8Gcm+vNhvL6JHCqR9ViyW020n1z3uPj3F26SjS0NSI8EJJ81nZBnZo4Y1IdgxxsHYHdogJQ9z2cswv/pLUABOoYogWAI0y4piGsw8n/7jsl//98KpA9xQMSpW1BIl9AgcPXobAzP4BdPLPX0RX60zitr670AAI83fAIxqh+ME0pmJADJcjs6/t3l4EmCiCgF9PZdf7TOK4Hw+cM4d3i8gbbzhsE4fwDgOaQPuqqYMqoUa+rCDfkmn7+tUV9b72s7h+fluAGEG/GZLgfyc93IdDki/xb+Waof/6723+P1S48vEG5cR66Loq9/gMSuvEhGfaksNL6jjNe1yedvu7Y1XtfO17Zvqd4xSmoJ8wWycO0NsjXYAgHg+9MewiWjLh7wtjd4W+WXrnsEjSd9sHfRpab3qXs7C/++EY5ICTQ3+7H7lR/h/DG5cTnGnzY0y5Ifb4EzwwG7U4PdYYPNrsWsciTdpgGQuGC4C9POZuJOREREREREySuGg23E1/+b/RgggUDIj38cWD+o5zpxshmff9bYZTAChKfu7W3pSAKQEJGltbkFs2ddGLdg5PNTrfLqX26HzaHBZo/9KkK6RJM/iCvzhzIYISIiIiIioqSXMOHImVn54qGv/Q5CCHx84gN84fMMeICYDw5+BpumQUh0u/Smu9BEhkJwZTix+O7ZcTsW3/ifPTjlaYXNbovL8/tDOuZPOAMTOL4IERERERERpYCECUcA4MysUeLhr/0vvjhVi/2fvzvg5/n4UB00IWBUfHS1hMMO9HvRgzrGjT8Lk847Iy7Bwn9t+Uh+8N4xONJiH4wEdYlTrSF878KzkOtOYzBCREREREREKSGhwhEAOHPoKPHLOaux9u0n0djiG1D1SO2xBtj61PSXfVg6PUIHHrzvq3HZ94N1Xvnwn/bBmeEY/JN1EpISp/whLLo4D7kczIqIiIiIiIhSiOVnq+nK2cPOEcdOHpHv15YP6PHvffAptEi3mt7IXmOC9ieRUmJE7hDMnHJOXMKFO595G8ImIPqW7PSLDOpYfGkBRrJihIiIiIiIiFJMwlWOGM4aOlpMyr8YRxpqB1Q9IqTe5QLZVfeazksXXWoA+FsC+JdvXhaX/f3LvmNy93vHYHPEPs/ytgRxz6Q85GUyGCEiIiIiIqLUk7DhCAAMScsSo4fliVOtLf0LSKTstpeMkBJC72WR+ukP1MPLt752cVz29efP7YNmj/3L5Q+EcP3Y4Rx8lYiIiIiIiFJWQocjhiFp6f1q2I8+ewR0qQ98hRKnBSah1gBGnzMSo87Iivn+PbenRh4+0gibI7aDsOq6RGaaHf9SFJ/BY4mIiIiIiIgSQVKEI/113jlnQg9GutD0Z+mBDIVwxrlnonnAEwx37/evfAhAQMT41QqGJO6emBf7DSYiIiIiIiJKICkZjlxYlI9gMNT/B/YUnIQkzj7nDDSGgOpTrfJESyAmMUm9p0XufKcWjjjMUJPu0HBBLrvTEBERERERUWpLyXDk4gl5cDq0XqtB+krqEnaXE+efnwd7JGo46ddRfapVNrYGB7WS/9txCJoj9vlFq1/HjeNzY/68RERERERERIkmJcORvBFDxD9dci78LYFuZqPp3yKlhD3NjlFnZkFGBS4hHTjRGkT1qVZ5vHlglSS/eqkS9vTYV40EQyEUnxn78VGIiIiIiIiIEk1KhiMA8JXrJiLQeno4MhBCSmiahkxXGmxCQABIswmk2wSynTYUDEkTIzMGVv5R90UzhIh95UgwqCPX7WSXGiIiIiIiIkp5KRuO/ODWK8Wo0SMQCHQce6Sv1SIdyPCBzB+SjrFDnGL0kDSR73aKPLdTjEgfeJ+Yj495ZBxyEQCApjEXISIiIiIiIgJSOBwBgKU/vgGh0AAGZkXHEAVSwg6J3CHOmG5f1dGTsRoW5TROhw1v1ZyM07MTERERERERJY6UDke+OnuimDL5HPia/RhMHYUQQCAQgsfbGtPte7P6C8SrciTNacMT+2r69ZjBDi5LREREREREZEUpHY4AwF+fu0fk5w2Dr8U/4OcQmoDP24KDh+pium1avJKRiIAu8cvyI6cFHo2tQXm8OSA/8bTKjz0t8khk1p3sNDv74hAREREREVHSSflwBADeef1nIu+sbDQ3BwbUjUUIgUBrEP/YVhnT7ZowKhsYVE1Lz+w2De/UefFvWw7K5w7UyfdO+OQnnlb5RWsIpwI67BowIs2O0UPSBIMRIiIiIiIiSlYMRyLeef3n4rIp56ClNQC/P9jvxzvTHHh9x340tQxsyt6ulJwzHEB8e7I47RoAiS1HG/HSJ/V4r+4UTjT7kW4TDEWIiIiIiIgoJTAcibL+Tz8Qyx/5Doa403DqVAt0ve/BhMNpx6EDx7Bpx4cx255zcoeIs/KyoIf0uO63pgnYbRpOtobwQf0pbP+0ES9/XI8XP6qTOz5tlK9WfyHfrzslm/wcc4SIiIiIiIiSD8ORTr7zjS+JA3sfEXd/fyacTht8Pj9CIR2yD/1t0jOc+MUv1uJUDKtHHp0/GQFf/ytZ+ksAsGsCtsgUv/6QxKdNrTgVCGHSyExcmDtEZDpZRUJERERERETJh43dXqz7a4Vc+t8vo66+CT6fHzabBqfT3u0sMi0tfsz55lT8dtm3Y3Zs5//mTfmX1z5BenYGbA4bNLuAzaZBs9lgswsITcDusMFm1+Bw2mC3a7A7NNhsAppNwGG3we4IV4c4HDbYbRrSnBrstvDisGvQNIF0IZBp05DrcmBSjhtXjR7G9wcRERERERElPTZ++6iu3iMf++0WbNz8Hj765Dg0TSAj3QG73dbh96SUCPiDWHD3dfjp3dfG7Pje8NhO+fe3PkXG0HTYnLaYhSO6lNB1wJ1ux/T8obj0zEycN8zF9wURERERERGlDDaCB6Cyqla+tGkf/rj2TVQfOQGn0w67XYMQAkIIQEoEQzpK/+3LWPafX4/ZMV7694Py1+veh9SBNLcDms0Gu0PrWzhiF9A0DWlpGgABLdKh6mvn5WBqfjYuyHHzvUBEREREREQpiQ3iQTrpaZYbNu3F/6zcgcNHTqC1NQB/IAhdlwgGQphYfC6effo2FJyRFZNjXXOyRf5u1xE8t+MTNAclpJTQQzo0mwa7wwbNrsHptMEWCUdsdhsyXHa4MuwYkm7H0AwHvnX+SJTkZSHXncbXn4iIiIiIiFIeG8cx9kFljdy4+V28WfEJao81oLq6Hr7mACZffj5+9fB3cOHY3Jgd8/c+PyV31Xrw2fFTsEvAlRauHgmPJRJeTX52Bs4dnoHC3CF8rYmIiIiIiIi6wAZznDU2euXndR7seecwqg4ew8i8YXBnuXH26BxceN4ZOHMYu7MQERERERERERERERERERERERERERERERERERERERERERERERERERERERERERERERERERERERERERERERERERERERERERERERERERERERERERERERERERERERERERERERERERERERERERERERERERERERERERERERERERERERERERERERERERERERERERERERERERERERERERERERERERERERERERERERERERERERERERERERERERERERERERERERERERERERERERERERERERERERERERERERERERERERERERERERERERERERERERERERERERERERERERERERERERERERERERERERERERERERERERERERERERERERERERERERERERERERERERERERERERERERERERERERERERERERERERERERERERERERERERERERERERERERERERERERERERERERERERERERERERERERERERERERERERERERERERERERERERERERERERERERERERERERERERERERERERERERERERERERERERERERERERERERERERERERERERERERERERERERERERERERERERERERERERERERERERERERERERERERERERERERERERERERERERERERERERERERERERERERERERERERERERERERERERHF1P8P+gyHtJtIl8AAAAAldEVYdGRhdGU6Y3JlYXRlADIwMTktMDQtMDVUMTU6MTA6MDcrMDI6MDBpI7ZbAAAAJXRFWHRkYXRlOm1vZGlmeQAyMDE5LTA0LTA1VDE1OjEwOjA3KzAyOjAwGH4O5wAAABl0RVh0U29mdHdhcmUAQWRvYmUgSW1hZ2VSZWFkeXHJZTwAAAAASUVORK5CYII=');

INSERT INTO `OKR_COACH_MT`.`Company` (`Id`, `ImageId`, `Active`, `Name`, `ResponsableName`, `Email`, `Telephone`, `Cnpj`, `SocialName`, `Description`, `Language`, `LicenseType`, `NumberOfUsers`, `NumberOfUsersRegistered`, `NumberOfSubCompanies`, `NumberOfSubCompaniesRegistered`) VALUES ('81466b9c-53fd-403f-bcb0-691ee6fe2a6d','156daeb7-8162-46b9-ab57-9f398ecc2648', 1, 'Stefanini', 'Marco Stefanini', 'stefanini@stefanini.com', '(19) 3867-8800', '58.069.360/0001-20', 'Stefanini', '', 'pt_BR', 'global_license', '10000', '0', '1000', '0');

INSERT INTO `OKR_COACH_MT`.`AuthMethod` (`Id`, `Active`, `CompanyId`, `Name`) VALUES ('da8c5497-d84f-4496-ae3a-6d9ccf94ec34', 1, '81466b9c-53fd-403f-bcb0-691ee6fe2a6d', 'OFFICE365');
INSERT INTO `OKR_COACH_MT`.`AuthMethod` (`Id`, `Active`, `CompanyId`, `Name`) VALUES ('44a9f02b-7371-4903-9274-3bdb69dda77d', 1, '81466b9c-53fd-403f-bcb0-691ee6fe2a6d', 'GOOGLE');
INSERT INTO `OKR_COACH_MT`.`AuthMethod` (`Id`, `Active`, `CompanyId`, `Name`) VALUES ('1d33ea3f-73ce-415b-9970-c2bb31f11698', 1, '81466b9c-53fd-403f-bcb0-691ee6fe2a6d', 'OKRCOACH');

INSERT INTO `OKR_COACH_MT`.`Domain` (`Id`, `Active`, `CompanyId`, `Domain`) VALUES ('7c6ed766-d8ca-4d8f-bb21-d45773456508', 1, '81466b9c-53fd-403f-bcb0-691ee6fe2a6d', '@stefanini.com');
INSERT INTO `OKR_COACH_MT`.`Domain` (`Id`, `Active`, `CompanyId`, `Domain`) VALUES ('36df2778-d79c-4ad8-a925-bbc1ddc3f7c9', 1, '81466b9c-53fd-403f-bcb0-691ee6fe2a6d', '@latam.stefanini.com');

INSERT INTO `OKR_COACH_MT`.`AspNetUsers` (`Id`, `Active`, `UserName`, `NormalizedUserName`, `EmailConfirmed`, `PasswordHash`, `SecurityStamp`, `ConcurrencyStamp`, `PhoneNumberConfirmed`, `TwoFactorEnabled`, `LockoutEnabled`, `AccessFailedCount`, `Login`, `Nome`, `Email`, `DateOfBirth`, `ProfileType`, `CompanyInUseId`) VALUES ('08d69bf5-1ca7-b352-58ac-a8d9a885ec72', 1, 'Admin.System', 'ADMIN.SYSTEM', 0, 'AQAAAAEAACcQAAAAEPLesYEWyqnRYUWPK+REN9ibrxFsz/PnM92uWQrPmXaLzlPxrK5ce9BFK6/zKlILnQ==', 'EM4JY2GJSNA4L36VA2VGPIIEOQWP3RQN', '3aaab456-0ace-4ac4-8e44-b9f16a8758ad', 0, 0, 1, 0, 'Admin.System', 'Admin.System', 'Admin.System', '2019-01-02 00:00:00', 3, '81466b9c-53fd-403f-bcb0-691ee6fe2a6d');
INSERT INTO `OKR_COACH_MT`.`AspNetUsers` (`Id`, `Active`, `UserName`, `NormalizedUserName`, `EmailConfirmed`, `PasswordHash`, `SecurityStamp`, `ConcurrencyStamp`, `PhoneNumberConfirmed`, `TwoFactorEnabled`, `LockoutEnabled`, `AccessFailedCount`, `Login`, `Nome`, `Email`, `DateOfBirth`, `ProfileType`, `CompanyInUseId`) VALUES ('24d6f8f5-1ac0-4a08-8f9f-f61043f17bf1', 1, 'Admin.Stefanini', 'ADMIN.STEFANINI', 0, 'AQAAAAEAACcQAAAAEJ/ODJnYrR8VzzyQb3hmGXOWucSeBwqa4S5q19sVaHxCbxCoRUc5KdVqifzLoIziNg==', 'RLA7AWLF7IEGBSFLNXZVQ73BLKYF3BYG', '7e6e0961-15bc-4e21-9c0f-e0f44a18fac0', 0, 0, 1, 0, 'Admin.Stefanini', 'Admin.Stefanini', 'Admin.Stefanini', '2019-01-02 00:00:00', 2, '81466b9c-53fd-403f-bcb0-691ee6fe2a6d');

INSERT INTO `OKR_COACH_MT`.`CompanyUser` (`CompanyId`, `UserId`, `Active`, `Id`) VALUES ('81466b9c-53fd-403f-bcb0-691ee6fe2a6d', '08d69bf5-1ca7-b352-58ac-a8d9a885ec72', 1, '33145504-38fe-4d5a-a7ea-37eee84128c2');
INSERT INTO `OKR_COACH_MT`.`CompanyUser` (`CompanyId`, `UserId`, `Active`, `Id`) VALUES ('81466b9c-53fd-403f-bcb0-691ee6fe2a6d', '24d6f8f5-1ac0-4a08-8f9f-f61043f17bf1', 1, 'ed1c3688-b240-4ded-b285-84fcddfb54ce');

INSERT INTO `OKR_COACH_MT`.`AspNetRoles` (`Id`, `Enabled`, `NameRole`, `Name`, `NormalizedName`, `ConcurrencyStamp`) VALUES ('c2c57fb5-cc09-42de-97bc-64e5d82f6eb3', 1, 'AdminSystem', 'AdminSystem', 'ADMINSYSTEM', '3d6fc02f-a5f1-4399-8bcd-2baaa1f0ea16');
INSERT INTO `OKR_COACH_MT`.`AspNetRoles` (`Id`, `Enabled`, `NameRole`, `Name`, `NormalizedName`, `ConcurrencyStamp`) VALUES ('08d69c0d-ecde-a6e1-0223-c46bb5ab5939', 1, 'Admin', 'Admin_81466b9c-53fd-403f-bcb0-691ee6fe2a6d', 'ADMIN_81466b9c-53fd-403f-bcb0-691ee6fe2a6d', '1bf54279-da0b-4ec1-898e-dde4bcbfc06d');
INSERT INTO `OKR_COACH_MT`.`AspNetRoles` (`Id`, `Enabled`, `NameRole`, `Name`, `NormalizedName`, `ConcurrencyStamp`) VALUES ('08d69c0d-ecde-a6e1-0223-c46bb5ab5940', 1, 'Usuario', 'Usuario_81466b9c-53fd-403f-bcb0-691ee6fe2a6d', 'USUARIO_81466b9c-53fd-403f-bcb0-691ee6fe2a6d', '1bf54279-da0b-4ec1-898e-dde4bcbfc06e');

INSERT INTO `OKR_COACH_MT`.`CompanyRole` (`CompanyId`, `RoleId`) VALUES ('81466b9c-53fd-403f-bcb0-691ee6fe2a6d', '08d69c0d-ecde-a6e1-0223-c46bb5ab5939');
INSERT INTO `OKR_COACH_MT`.`CompanyRole` (`CompanyId`, `RoleId`) VALUES ('81466b9c-53fd-403f-bcb0-691ee6fe2a6d', '08d69c0d-ecde-a6e1-0223-c46bb5ab5940');

INSERT INTO `OKR_COACH_MT`.`AspNetRoleClaims` (`Id`, `RoleId`, `ClaimType`, `ClaimValue`) VALUES (1, '08d69c0d-ecde-a6e1-0223-c46bb5ab5939', 'AuthorizationClaim', 'CreateOKRBusiness');
INSERT INTO `OKR_COACH_MT`.`AspNetRoleClaims` (`Id`, `RoleId`, `ClaimType`, `ClaimValue`) VALUES (2, '08d69c0d-ecde-a6e1-0223-c46bb5ab5939', 'AuthorizationClaim', 'CreateOKRTactical');
INSERT INTO `OKR_COACH_MT`.`AspNetRoleClaims` (`Id`, `RoleId`, `ClaimType`, `ClaimValue`) VALUES (3, '08d69c0d-ecde-a6e1-0223-c46bb5ab5939', 'AuthorizationClaim', 'CreateOKRTeam');
INSERT INTO `OKR_COACH_MT`.`AspNetRoleClaims` (`Id`, `RoleId`, `ClaimType`, `ClaimValue`) VALUES (4, '08d69c0d-ecde-a6e1-0223-c46bb5ab5939', 'AuthorizationClaim', 'CreateOKRPersonal');
INSERT INTO `OKR_COACH_MT`.`AspNetRoleClaims` (`Id`, `RoleId`, `ClaimType`, `ClaimValue`) VALUES (5, '08d69c0d-ecde-a6e1-0223-c46bb5ab5939', 'AuthorizationClaim', 'CreateOKRInnovation');
INSERT INTO `OKR_COACH_MT`.`AspNetRoleClaims` (`Id`, `RoleId`, `ClaimType`, `ClaimValue`) VALUES (6, '08d69c0d-ecde-a6e1-0223-c46bb5ab5939', 'AuthorizationClaim', 'CreateOKRClient');
INSERT INTO `OKR_COACH_MT`.`AspNetRoleClaims` (`Id`, `RoleId`, `ClaimType`, `ClaimValue`) VALUES (7, '08d69c0d-ecde-a6e1-0223-c46bb5ab5939', 'AuthorizationClaim', 'CreateOKRFactory');
INSERT INTO `OKR_COACH_MT`.`AspNetRoleClaims` (`Id`, `RoleId`, `ClaimType`, `ClaimValue`) VALUES (8, '08d69c0d-ecde-a6e1-0223-c46bb5ab5939', 'AuthorizationClaim', 'CreateOKROperation');
INSERT INTO `OKR_COACH_MT`.`AspNetRoleClaims` (`Id`, `RoleId`, `ClaimType`, `ClaimValue`) VALUES (9, '08d69c0d-ecde-a6e1-0223-c46bb5ab5939', 'AuthorizationClaim', 'CreateOKRCell');
INSERT INTO `OKR_COACH_MT`.`AspNetRoleClaims` (`Id`, `RoleId`, `ClaimType`, `ClaimValue`) VALUES (10, '08d69c0d-ecde-a6e1-0223-c46bb5ab5939', 'AuthorizationClaim', 'EditOKRBusiness');
INSERT INTO `OKR_COACH_MT`.`AspNetRoleClaims` (`Id`, `RoleId`, `ClaimType`, `ClaimValue`) VALUES (11, '08d69c0d-ecde-a6e1-0223-c46bb5ab5939', 'AuthorizationClaim', 'EditOKRTactical');
INSERT INTO `OKR_COACH_MT`.`AspNetRoleClaims` (`Id`, `RoleId`, `ClaimType`, `ClaimValue`) VALUES (12, '08d69c0d-ecde-a6e1-0223-c46bb5ab5939', 'AuthorizationClaim', 'EditOKRTeam');
INSERT INTO `OKR_COACH_MT`.`AspNetRoleClaims` (`Id`, `RoleId`, `ClaimType`, `ClaimValue`) VALUES (13, '08d69c0d-ecde-a6e1-0223-c46bb5ab5939', 'AuthorizationClaim', 'EditOKRPersonal');
INSERT INTO `OKR_COACH_MT`.`AspNetRoleClaims` (`Id`, `RoleId`, `ClaimType`, `ClaimValue`) VALUES (14, '08d69c0d-ecde-a6e1-0223-c46bb5ab5939', 'AuthorizationClaim', 'EditOKRInnovation');
INSERT INTO `OKR_COACH_MT`.`AspNetRoleClaims` (`Id`, `RoleId`, `ClaimType`, `ClaimValue`) VALUES (15, '08d69c0d-ecde-a6e1-0223-c46bb5ab5939', 'AuthorizationClaim', 'EditOKRClient');
INSERT INTO `OKR_COACH_MT`.`AspNetRoleClaims` (`Id`, `RoleId`, `ClaimType`, `ClaimValue`) VALUES (16, '08d69c0d-ecde-a6e1-0223-c46bb5ab5939', 'AuthorizationClaim', 'EditOKRFactory');
INSERT INTO `OKR_COACH_MT`.`AspNetRoleClaims` (`Id`, `RoleId`, `ClaimType`, `ClaimValue`) VALUES (17, '08d69c0d-ecde-a6e1-0223-c46bb5ab5939', 'AuthorizationClaim', 'EditOKROperation');
INSERT INTO `OKR_COACH_MT`.`AspNetRoleClaims` (`Id`, `RoleId`, `ClaimType`, `ClaimValue`) VALUES (18, '08d69c0d-ecde-a6e1-0223-c46bb5ab5939', 'AuthorizationClaim', 'EditOKRCell');
INSERT INTO `OKR_COACH_MT`.`AspNetRoleClaims` (`Id`, `RoleId`, `ClaimType`, `ClaimValue`) VALUES (19, '08d69c0d-ecde-a6e1-0223-c46bb5ab5939', 'AuthorizationClaim', 'ConsultOKRBusiness');
INSERT INTO `OKR_COACH_MT`.`AspNetRoleClaims` (`Id`, `RoleId`, `ClaimType`, `ClaimValue`) VALUES (20, '08d69c0d-ecde-a6e1-0223-c46bb5ab5939', 'AuthorizationClaim', 'ConsultOKRTactical');
INSERT INTO `OKR_COACH_MT`.`AspNetRoleClaims` (`Id`, `RoleId`, `ClaimType`, `ClaimValue`) VALUES (21, '08d69c0d-ecde-a6e1-0223-c46bb5ab5939', 'AuthorizationClaim', 'ConsultOKRTeam');
INSERT INTO `OKR_COACH_MT`.`AspNetRoleClaims` (`Id`, `RoleId`, `ClaimType`, `ClaimValue`) VALUES (22, '08d69c0d-ecde-a6e1-0223-c46bb5ab5939', 'AuthorizationClaim', 'ConsultOKRPersonal');
INSERT INTO `OKR_COACH_MT`.`AspNetRoleClaims` (`Id`, `RoleId`, `ClaimType`, `ClaimValue`) VALUES (23, '08d69c0d-ecde-a6e1-0223-c46bb5ab5939', 'AuthorizationClaim', 'ConsultOKRInnovation');
INSERT INTO `OKR_COACH_MT`.`AspNetRoleClaims` (`Id`, `RoleId`, `ClaimType`, `ClaimValue`) VALUES (24, '08d69c0d-ecde-a6e1-0223-c46bb5ab5939', 'AuthorizationClaim', 'ConsultOKRClient');
INSERT INTO `OKR_COACH_MT`.`AspNetRoleClaims` (`Id`, `RoleId`, `ClaimType`, `ClaimValue`) VALUES (25, '08d69c0d-ecde-a6e1-0223-c46bb5ab5939', 'AuthorizationClaim', 'ConsultOKRFactory');
INSERT INTO `OKR_COACH_MT`.`AspNetRoleClaims` (`Id`, `RoleId`, `ClaimType`, `ClaimValue`) VALUES (26, '08d69c0d-ecde-a6e1-0223-c46bb5ab5939', 'AuthorizationClaim', 'ConsultOKROperation');
INSERT INTO `OKR_COACH_MT`.`AspNetRoleClaims` (`Id`, `RoleId`, `ClaimType`, `ClaimValue`) VALUES (27, '08d69c0d-ecde-a6e1-0223-c46bb5ab5939', 'AuthorizationClaim', 'ConsultOKRCell');
INSERT INTO `OKR_COACH_MT`.`AspNetRoleClaims` (`Id`, `RoleId`, `ClaimType`, `ClaimValue`) VALUES (28, '08d69c0d-ecde-a6e1-0223-c46bb5ab5939', 'AuthorizationClaim', 'DisableOKRBusiness');
INSERT INTO `OKR_COACH_MT`.`AspNetRoleClaims` (`Id`, `RoleId`, `ClaimType`, `ClaimValue`) VALUES (29, '08d69c0d-ecde-a6e1-0223-c46bb5ab5939', 'AuthorizationClaim', 'DisableOKRTactical');
INSERT INTO `OKR_COACH_MT`.`AspNetRoleClaims` (`Id`, `RoleId`, `ClaimType`, `ClaimValue`) VALUES (30, '08d69c0d-ecde-a6e1-0223-c46bb5ab5939', 'AuthorizationClaim', 'DisableOKRTeam');
INSERT INTO `OKR_COACH_MT`.`AspNetRoleClaims` (`Id`, `RoleId`, `ClaimType`, `ClaimValue`) VALUES (31, '08d69c0d-ecde-a6e1-0223-c46bb5ab5939', 'AuthorizationClaim', 'DisableOKRPersonal');
INSERT INTO `OKR_COACH_MT`.`AspNetRoleClaims` (`Id`, `RoleId`, `ClaimType`, `ClaimValue`) VALUES (32, '08d69c0d-ecde-a6e1-0223-c46bb5ab5939', 'AuthorizationClaim', 'DisableOKRInnovation');
INSERT INTO `OKR_COACH_MT`.`AspNetRoleClaims` (`Id`, `RoleId`, `ClaimType`, `ClaimValue`) VALUES (33, '08d69c0d-ecde-a6e1-0223-c46bb5ab5939', 'AuthorizationClaim', 'DisableOKRClient');
INSERT INTO `OKR_COACH_MT`.`AspNetRoleClaims` (`Id`, `RoleId`, `ClaimType`, `ClaimValue`) VALUES (34, '08d69c0d-ecde-a6e1-0223-c46bb5ab5939', 'AuthorizationClaim', 'DisableOKRFactory');
INSERT INTO `OKR_COACH_MT`.`AspNetRoleClaims` (`Id`, `RoleId`, `ClaimType`, `ClaimValue`) VALUES (35, '08d69c0d-ecde-a6e1-0223-c46bb5ab5939', 'AuthorizationClaim', 'DisableOKROperation');
INSERT INTO `OKR_COACH_MT`.`AspNetRoleClaims` (`Id`, `RoleId`, `ClaimType`, `ClaimValue`) VALUES (36, '08d69c0d-ecde-a6e1-0223-c46bb5ab5939', 'AuthorizationClaim', 'DisableOKRCell');
INSERT INTO `OKR_COACH_MT`.`AspNetRoleClaims` (`Id`, `RoleId`, `ClaimType`, `ClaimValue`) VALUES (37, '08d69c0d-ecde-a6e1-0223-c46bb5ab5939', 'AuthorizationClaim', 'ScheduleCheckinOKRBusiness');
INSERT INTO `OKR_COACH_MT`.`AspNetRoleClaims` (`Id`, `RoleId`, `ClaimType`, `ClaimValue`) VALUES (38, '08d69c0d-ecde-a6e1-0223-c46bb5ab5939', 'AuthorizationClaim', 'ScheduleCheckinOKRTactical');
INSERT INTO `OKR_COACH_MT`.`AspNetRoleClaims` (`Id`, `RoleId`, `ClaimType`, `ClaimValue`) VALUES (39, '08d69c0d-ecde-a6e1-0223-c46bb5ab5939', 'AuthorizationClaim', 'ScheduleCheckinOKRTeam');
INSERT INTO `OKR_COACH_MT`.`AspNetRoleClaims` (`Id`, `RoleId`, `ClaimType`, `ClaimValue`) VALUES (40, '08d69c0d-ecde-a6e1-0223-c46bb5ab5939', 'AuthorizationClaim', 'ScheduleCheckinOKRPersonal');
INSERT INTO `OKR_COACH_MT`.`AspNetRoleClaims` (`Id`, `RoleId`, `ClaimType`, `ClaimValue`) VALUES (41, '08d69c0d-ecde-a6e1-0223-c46bb5ab5939', 'AuthorizationClaim', 'ScheduleCheckinOKRInnovation');
INSERT INTO `OKR_COACH_MT`.`AspNetRoleClaims` (`Id`, `RoleId`, `ClaimType`, `ClaimValue`) VALUES (42, '08d69c0d-ecde-a6e1-0223-c46bb5ab5939', 'AuthorizationClaim', 'ScheduleCheckinOKRClient');
INSERT INTO `OKR_COACH_MT`.`AspNetRoleClaims` (`Id`, `RoleId`, `ClaimType`, `ClaimValue`) VALUES (43, '08d69c0d-ecde-a6e1-0223-c46bb5ab5939', 'AuthorizationClaim', 'ScheduleCheckinOKRFactory');
INSERT INTO `OKR_COACH_MT`.`AspNetRoleClaims` (`Id`, `RoleId`, `ClaimType`, `ClaimValue`) VALUES (44, '08d69c0d-ecde-a6e1-0223-c46bb5ab5939', 'AuthorizationClaim', 'ScheduleCheckinOKROperation');
INSERT INTO `OKR_COACH_MT`.`AspNetRoleClaims` (`Id`, `RoleId`, `ClaimType`, `ClaimValue`) VALUES (45, '08d69c0d-ecde-a6e1-0223-c46bb5ab5939', 'AuthorizationClaim', 'ScheduleCheckinOKRCell');
INSERT INTO `OKR_COACH_MT`.`AspNetRoleClaims` (`Id`, `RoleId`, `ClaimType`, `ClaimValue`) VALUES (46, '08d69c0d-ecde-a6e1-0223-c46bb5ab5939', 'AuthorizationClaim', 'FillCheckinOKRBusiness');
INSERT INTO `OKR_COACH_MT`.`AspNetRoleClaims` (`Id`, `RoleId`, `ClaimType`, `ClaimValue`) VALUES (47, '08d69c0d-ecde-a6e1-0223-c46bb5ab5939', 'AuthorizationClaim', 'FillCheckinOKRTactical');
INSERT INTO `OKR_COACH_MT`.`AspNetRoleClaims` (`Id`, `RoleId`, `ClaimType`, `ClaimValue`) VALUES (48, '08d69c0d-ecde-a6e1-0223-c46bb5ab5939', 'AuthorizationClaim', 'FillCheckinOKRTeam');
INSERT INTO `OKR_COACH_MT`.`AspNetRoleClaims` (`Id`, `RoleId`, `ClaimType`, `ClaimValue`) VALUES (49, '08d69c0d-ecde-a6e1-0223-c46bb5ab5939', 'AuthorizationClaim', 'FillCheckinOKRPersonal');
INSERT INTO `OKR_COACH_MT`.`AspNetRoleClaims` (`Id`, `RoleId`, `ClaimType`, `ClaimValue`) VALUES (50, '08d69c0d-ecde-a6e1-0223-c46bb5ab5939', 'AuthorizationClaim', 'FillCheckinOKRInnovation');
INSERT INTO `OKR_COACH_MT`.`AspNetRoleClaims` (`Id`, `RoleId`, `ClaimType`, `ClaimValue`) VALUES (51, '08d69c0d-ecde-a6e1-0223-c46bb5ab5939', 'AuthorizationClaim', 'FillCheckinOKRClient');
INSERT INTO `OKR_COACH_MT`.`AspNetRoleClaims` (`Id`, `RoleId`, `ClaimType`, `ClaimValue`) VALUES (52, '08d69c0d-ecde-a6e1-0223-c46bb5ab5939', 'AuthorizationClaim', 'FillCheckinOKRFactory');
INSERT INTO `OKR_COACH_MT`.`AspNetRoleClaims` (`Id`, `RoleId`, `ClaimType`, `ClaimValue`) VALUES (53, '08d69c0d-ecde-a6e1-0223-c46bb5ab5939', 'AuthorizationClaim', 'FillCheckinOKROperation');
INSERT INTO `OKR_COACH_MT`.`AspNetRoleClaims` (`Id`, `RoleId`, `ClaimType`, `ClaimValue`) VALUES (54, '08d69c0d-ecde-a6e1-0223-c46bb5ab5939', 'AuthorizationClaim', 'FillCheckinOKRCell');
INSERT INTO `OKR_COACH_MT`.`AspNetRoleClaims` (`Id`, `RoleId`, `ClaimType`, `ClaimValue`) VALUES (55, '08d69c0d-ecde-a6e1-0223-c46bb5ab5939', 'AuthorizationClaim', 'CreateCompany');
INSERT INTO `OKR_COACH_MT`.`AspNetRoleClaims` (`Id`, `RoleId`, `ClaimType`, `ClaimValue`) VALUES (56, '08d69c0d-ecde-a6e1-0223-c46bb5ab5939', 'AuthorizationClaim', 'EditCompany');
INSERT INTO `OKR_COACH_MT`.`AspNetRoleClaims` (`Id`, `RoleId`, `ClaimType`, `ClaimValue`) VALUES (57, '08d69c0d-ecde-a6e1-0223-c46bb5ab5939', 'AuthorizationClaim', 'ConsultCompany');
INSERT INTO `OKR_COACH_MT`.`AspNetRoleClaims` (`Id`, `RoleId`, `ClaimType`, `ClaimValue`) VALUES (58, '08d69c0d-ecde-a6e1-0223-c46bb5ab5939', 'AuthorizationClaim', 'DisableCompany');
INSERT INTO `OKR_COACH_MT`.`AspNetRoleClaims` (`Id`, `RoleId`, `ClaimType`, `ClaimValue`) VALUES (59, '08d69c0d-ecde-a6e1-0223-c46bb5ab5939', 'AuthorizationClaim', 'CreateUser');
INSERT INTO `OKR_COACH_MT`.`AspNetRoleClaims` (`Id`, `RoleId`, `ClaimType`, `ClaimValue`) VALUES (60, '08d69c0d-ecde-a6e1-0223-c46bb5ab5939', 'AuthorizationClaim', 'EditUser');
INSERT INTO `OKR_COACH_MT`.`AspNetRoleClaims` (`Id`, `RoleId`, `ClaimType`, `ClaimValue`) VALUES (61, '08d69c0d-ecde-a6e1-0223-c46bb5ab5939', 'AuthorizationClaim', 'ConsultUser');
INSERT INTO `OKR_COACH_MT`.`AspNetRoleClaims` (`Id`, `RoleId`, `ClaimType`, `ClaimValue`) VALUES (62, '08d69c0d-ecde-a6e1-0223-c46bb5ab5939', 'AuthorizationClaim', 'DisableUser');
INSERT INTO `OKR_COACH_MT`.`AspNetRoleClaims` (`Id`, `RoleId`, `ClaimType`, `ClaimValue`) VALUES (63, '08d69c0d-ecde-a6e1-0223-c46bb5ab5939', 'AuthorizationClaim', 'CreateTeam');
INSERT INTO `OKR_COACH_MT`.`AspNetRoleClaims` (`Id`, `RoleId`, `ClaimType`, `ClaimValue`) VALUES (64, '08d69c0d-ecde-a6e1-0223-c46bb5ab5939', 'AuthorizationClaim', 'EditTeam');
INSERT INTO `OKR_COACH_MT`.`AspNetRoleClaims` (`Id`, `RoleId`, `ClaimType`, `ClaimValue`) VALUES (65, '08d69c0d-ecde-a6e1-0223-c46bb5ab5939', 'AuthorizationClaim', 'ConsultTeam');
INSERT INTO `OKR_COACH_MT`.`AspNetRoleClaims` (`Id`, `RoleId`, `ClaimType`, `ClaimValue`) VALUES (66, '08d69c0d-ecde-a6e1-0223-c46bb5ab5939', 'AuthorizationClaim', 'DisableTeam');
INSERT INTO `OKR_COACH_MT`.`AspNetRoleClaims` (`Id`, `RoleId`, `ClaimType`, `ClaimValue`) VALUES (67, '08d69c0d-ecde-a6e1-0223-c46bb5ab5939', 'AuthorizationClaim', 'ConsultReport');
INSERT INTO `OKR_COACH_MT`.`AspNetRoleClaims` (`Id`, `RoleId`, `ClaimType`, `ClaimValue`) VALUES (68, '08d69c0d-ecde-a6e1-0223-c46bb5ab5939', 'AuthorizationClaim', 'GenerateReport');
INSERT INTO `OKR_COACH_MT`.`AspNetRoleClaims` (`Id`, `RoleId`, `ClaimType`, `ClaimValue`) VALUES (69, '08d69c0d-ecde-a6e1-0223-c46bb5ab5939', 'AuthorizationClaim', 'ExportReport');
INSERT INTO `OKR_COACH_MT`.`AspNetRoleClaims` (`Id`, `RoleId`, `ClaimType`, `ClaimValue`) VALUES (70, '08d69c0d-ecde-a6e1-0223-c46bb5ab5939', 'AuthorizationClaim', 'CreateSection');
INSERT INTO `OKR_COACH_MT`.`AspNetRoleClaims` (`Id`, `RoleId`, `ClaimType`, `ClaimValue`) VALUES (71, '08d69c0d-ecde-a6e1-0223-c46bb5ab5939', 'AuthorizationClaim', 'EditSection');
INSERT INTO `OKR_COACH_MT`.`AspNetRoleClaims` (`Id`, `RoleId`, `ClaimType`, `ClaimValue`) VALUES (72, '08d69c0d-ecde-a6e1-0223-c46bb5ab5939', 'AuthorizationClaim', 'ConsultSection');
INSERT INTO `OKR_COACH_MT`.`AspNetRoleClaims` (`Id`, `RoleId`, `ClaimType`, `ClaimValue`) VALUES (73, '08d69c0d-ecde-a6e1-0223-c46bb5ab5939', 'AuthorizationClaim', 'DisableSection');
INSERT INTO `OKR_COACH_MT`.`AspNetRoleClaims` (`Id`, `RoleId`, `ClaimType`, `ClaimValue`) VALUES (122, '08d69c0d-ecde-a6e1-0223-c46bb5ab5939', 'AuthorizationClaim', 'CreateProfile');
INSERT INTO `OKR_COACH_MT`.`AspNetRoleClaims` (`Id`, `RoleId`, `ClaimType`, `ClaimValue`) VALUES (123, '08d69c0d-ecde-a6e1-0223-c46bb5ab5939', 'AuthorizationClaim', 'EditProfile');
INSERT INTO `OKR_COACH_MT`.`AspNetRoleClaims` (`Id`, `RoleId`, `ClaimType`, `ClaimValue`) VALUES (124, '08d69c0d-ecde-a6e1-0223-c46bb5ab5939', 'AuthorizationClaim', 'ConsultProfile');
INSERT INTO `OKR_COACH_MT`.`AspNetRoleClaims` (`Id`, `RoleId`, `ClaimType`, `ClaimValue`) VALUES (125, '08d69c0d-ecde-a6e1-0223-c46bb5ab5939', 'AuthorizationClaim', 'DisableProfile');

INSERT INTO `OKR_COACH_MT`.`AspNetRoleClaims` (`Id`, `RoleId`, `ClaimType`, `ClaimValue`) VALUES (74, '08d69c0d-ecde-a6e1-0223-c46bb5ab5940', 'AuthorizationClaim', 'CreateOKRBusiness');
INSERT INTO `OKR_COACH_MT`.`AspNetRoleClaims` (`Id`, `RoleId`, `ClaimType`, `ClaimValue`) VALUES (75, '08d69c0d-ecde-a6e1-0223-c46bb5ab5940', 'AuthorizationClaim', 'CreateOKRTactical');
INSERT INTO `OKR_COACH_MT`.`AspNetRoleClaims` (`Id`, `RoleId`, `ClaimType`, `ClaimValue`) VALUES (76, '08d69c0d-ecde-a6e1-0223-c46bb5ab5940', 'AuthorizationClaim', 'CreateOKRTeam');
INSERT INTO `OKR_COACH_MT`.`AspNetRoleClaims` (`Id`, `RoleId`, `ClaimType`, `ClaimValue`) VALUES (77, '08d69c0d-ecde-a6e1-0223-c46bb5ab5940', 'AuthorizationClaim', 'CreateOKRPersonal');
INSERT INTO `OKR_COACH_MT`.`AspNetRoleClaims` (`Id`, `RoleId`, `ClaimType`, `ClaimValue`) VALUES (78, '08d69c0d-ecde-a6e1-0223-c46bb5ab5940', 'AuthorizationClaim', 'CreateOKRInnovation');
INSERT INTO `OKR_COACH_MT`.`AspNetRoleClaims` (`Id`, `RoleId`, `ClaimType`, `ClaimValue`) VALUES (79, '08d69c0d-ecde-a6e1-0223-c46bb5ab5940', 'AuthorizationClaim', 'CreateOKRClient');
INSERT INTO `OKR_COACH_MT`.`AspNetRoleClaims` (`Id`, `RoleId`, `ClaimType`, `ClaimValue`) VALUES (80, '08d69c0d-ecde-a6e1-0223-c46bb5ab5940', 'AuthorizationClaim', 'CreateOKRFactory');
INSERT INTO `OKR_COACH_MT`.`AspNetRoleClaims` (`Id`, `RoleId`, `ClaimType`, `ClaimValue`) VALUES (81, '08d69c0d-ecde-a6e1-0223-c46bb5ab5940', 'AuthorizationClaim', 'CreateOKROperation');
INSERT INTO `OKR_COACH_MT`.`AspNetRoleClaims` (`Id`, `RoleId`, `ClaimType`, `ClaimValue`) VALUES (82, '08d69c0d-ecde-a6e1-0223-c46bb5ab5940', 'AuthorizationClaim', 'CreateOKRCell');
INSERT INTO `OKR_COACH_MT`.`AspNetRoleClaims` (`Id`, `RoleId`, `ClaimType`, `ClaimValue`) VALUES (83, '08d69c0d-ecde-a6e1-0223-c46bb5ab5940', 'AuthorizationClaim', 'EditOKRBusiness');
INSERT INTO `OKR_COACH_MT`.`AspNetRoleClaims` (`Id`, `RoleId`, `ClaimType`, `ClaimValue`) VALUES (84, '08d69c0d-ecde-a6e1-0223-c46bb5ab5940', 'AuthorizationClaim', 'EditOKRTactical');
INSERT INTO `OKR_COACH_MT`.`AspNetRoleClaims` (`Id`, `RoleId`, `ClaimType`, `ClaimValue`) VALUES (85, '08d69c0d-ecde-a6e1-0223-c46bb5ab5940', 'AuthorizationClaim', 'EditOKRTeam');
INSERT INTO `OKR_COACH_MT`.`AspNetRoleClaims` (`Id`, `RoleId`, `ClaimType`, `ClaimValue`) VALUES (86, '08d69c0d-ecde-a6e1-0223-c46bb5ab5940', 'AuthorizationClaim', 'EditOKRPersonal');
INSERT INTO `OKR_COACH_MT`.`AspNetRoleClaims` (`Id`, `RoleId`, `ClaimType`, `ClaimValue`) VALUES (87, '08d69c0d-ecde-a6e1-0223-c46bb5ab5940', 'AuthorizationClaim', 'EditOKRInnovation');
INSERT INTO `OKR_COACH_MT`.`AspNetRoleClaims` (`Id`, `RoleId`, `ClaimType`, `ClaimValue`) VALUES (88, '08d69c0d-ecde-a6e1-0223-c46bb5ab5940', 'AuthorizationClaim', 'EditOKRClient');
INSERT INTO `OKR_COACH_MT`.`AspNetRoleClaims` (`Id`, `RoleId`, `ClaimType`, `ClaimValue`) VALUES (89, '08d69c0d-ecde-a6e1-0223-c46bb5ab5940', 'AuthorizationClaim', 'EditOKRFactory');
INSERT INTO `OKR_COACH_MT`.`AspNetRoleClaims` (`Id`, `RoleId`, `ClaimType`, `ClaimValue`) VALUES (90, '08d69c0d-ecde-a6e1-0223-c46bb5ab5940', 'AuthorizationClaim', 'EditOKROperation');
INSERT INTO `OKR_COACH_MT`.`AspNetRoleClaims` (`Id`, `RoleId`, `ClaimType`, `ClaimValue`) VALUES (91, '08d69c0d-ecde-a6e1-0223-c46bb5ab5940', 'AuthorizationClaim', 'EditOKRCell');
INSERT INTO `OKR_COACH_MT`.`AspNetRoleClaims` (`Id`, `RoleId`, `ClaimType`, `ClaimValue`) VALUES (92, '08d69c0d-ecde-a6e1-0223-c46bb5ab5940', 'AuthorizationClaim', 'ConsultOKRBusiness');
INSERT INTO `OKR_COACH_MT`.`AspNetRoleClaims` (`Id`, `RoleId`, `ClaimType`, `ClaimValue`) VALUES (93, '08d69c0d-ecde-a6e1-0223-c46bb5ab5940', 'AuthorizationClaim', 'ConsultOKRTactical');
INSERT INTO `OKR_COACH_MT`.`AspNetRoleClaims` (`Id`, `RoleId`, `ClaimType`, `ClaimValue`) VALUES (94, '08d69c0d-ecde-a6e1-0223-c46bb5ab5940', 'AuthorizationClaim', 'ConsultOKRTeam');
INSERT INTO `OKR_COACH_MT`.`AspNetRoleClaims` (`Id`, `RoleId`, `ClaimType`, `ClaimValue`) VALUES (95, '08d69c0d-ecde-a6e1-0223-c46bb5ab5940', 'AuthorizationClaim', 'ConsultOKRPersonal');
INSERT INTO `OKR_COACH_MT`.`AspNetRoleClaims` (`Id`, `RoleId`, `ClaimType`, `ClaimValue`) VALUES (96, '08d69c0d-ecde-a6e1-0223-c46bb5ab5940', 'AuthorizationClaim', 'ConsultOKRInnovation');
INSERT INTO `OKR_COACH_MT`.`AspNetRoleClaims` (`Id`, `RoleId`, `ClaimType`, `ClaimValue`) VALUES (97, '08d69c0d-ecde-a6e1-0223-c46bb5ab5940', 'AuthorizationClaim', 'ConsultOKRClient');
INSERT INTO `OKR_COACH_MT`.`AspNetRoleClaims` (`Id`, `RoleId`, `ClaimType`, `ClaimValue`) VALUES (98, '08d69c0d-ecde-a6e1-0223-c46bb5ab5940', 'AuthorizationClaim', 'ConsultOKRFactory');
INSERT INTO `OKR_COACH_MT`.`AspNetRoleClaims` (`Id`, `RoleId`, `ClaimType`, `ClaimValue`) VALUES (99, '08d69c0d-ecde-a6e1-0223-c46bb5ab5940', 'AuthorizationClaim', 'ConsultOKROperation');
INSERT INTO `OKR_COACH_MT`.`AspNetRoleClaims` (`Id`, `RoleId`, `ClaimType`, `ClaimValue`) VALUES (100, '08d69c0d-ecde-a6e1-0223-c46bb5ab5940', 'AuthorizationClaim', 'ConsultOKRCell');
INSERT INTO `OKR_COACH_MT`.`AspNetRoleClaims` (`Id`, `RoleId`, `ClaimType`, `ClaimValue`) VALUES (101, '08d69c0d-ecde-a6e1-0223-c46bb5ab5940', 'AuthorizationClaim', 'ScheduleCheckinOKRBusiness');
INSERT INTO `OKR_COACH_MT`.`AspNetRoleClaims` (`Id`, `RoleId`, `ClaimType`, `ClaimValue`) VALUES (102, '08d69c0d-ecde-a6e1-0223-c46bb5ab5940', 'AuthorizationClaim', 'ScheduleCheckinOKRTactical');
INSERT INTO `OKR_COACH_MT`.`AspNetRoleClaims` (`Id`, `RoleId`, `ClaimType`, `ClaimValue`) VALUES (103, '08d69c0d-ecde-a6e1-0223-c46bb5ab5940', 'AuthorizationClaim', 'ScheduleCheckinOKRTeam');
INSERT INTO `OKR_COACH_MT`.`AspNetRoleClaims` (`Id`, `RoleId`, `ClaimType`, `ClaimValue`) VALUES (104, '08d69c0d-ecde-a6e1-0223-c46bb5ab5940', 'AuthorizationClaim', 'ScheduleCheckinOKRPersonal');
INSERT INTO `OKR_COACH_MT`.`AspNetRoleClaims` (`Id`, `RoleId`, `ClaimType`, `ClaimValue`) VALUES (105, '08d69c0d-ecde-a6e1-0223-c46bb5ab5940', 'AuthorizationClaim', 'ScheduleCheckinOKRInnovation');
INSERT INTO `OKR_COACH_MT`.`AspNetRoleClaims` (`Id`, `RoleId`, `ClaimType`, `ClaimValue`) VALUES (106, '08d69c0d-ecde-a6e1-0223-c46bb5ab5940', 'AuthorizationClaim', 'ScheduleCheckinOKRClient');
INSERT INTO `OKR_COACH_MT`.`AspNetRoleClaims` (`Id`, `RoleId`, `ClaimType`, `ClaimValue`) VALUES (107, '08d69c0d-ecde-a6e1-0223-c46bb5ab5940', 'AuthorizationClaim', 'ScheduleCheckinOKRFactory');
INSERT INTO `OKR_COACH_MT`.`AspNetRoleClaims` (`Id`, `RoleId`, `ClaimType`, `ClaimValue`) VALUES (108, '08d69c0d-ecde-a6e1-0223-c46bb5ab5940', 'AuthorizationClaim', 'ScheduleCheckinOKROperation');
INSERT INTO `OKR_COACH_MT`.`AspNetRoleClaims` (`Id`, `RoleId`, `ClaimType`, `ClaimValue`) VALUES (109, '08d69c0d-ecde-a6e1-0223-c46bb5ab5940', 'AuthorizationClaim', 'ScheduleCheckinOKRCell');
INSERT INTO `OKR_COACH_MT`.`AspNetRoleClaims` (`Id`, `RoleId`, `ClaimType`, `ClaimValue`) VALUES (110, '08d69c0d-ecde-a6e1-0223-c46bb5ab5940', 'AuthorizationClaim', 'FillCheckinOKRBusiness');
INSERT INTO `OKR_COACH_MT`.`AspNetRoleClaims` (`Id`, `RoleId`, `ClaimType`, `ClaimValue`) VALUES (111, '08d69c0d-ecde-a6e1-0223-c46bb5ab5940', 'AuthorizationClaim', 'FillCheckinOKRTactical');
INSERT INTO `OKR_COACH_MT`.`AspNetRoleClaims` (`Id`, `RoleId`, `ClaimType`, `ClaimValue`) VALUES (112, '08d69c0d-ecde-a6e1-0223-c46bb5ab5940', 'AuthorizationClaim', 'FillCheckinOKRTeam');
INSERT INTO `OKR_COACH_MT`.`AspNetRoleClaims` (`Id`, `RoleId`, `ClaimType`, `ClaimValue`) VALUES (113, '08d69c0d-ecde-a6e1-0223-c46bb5ab5940', 'AuthorizationClaim', 'FillCheckinOKRPersonal');
INSERT INTO `OKR_COACH_MT`.`AspNetRoleClaims` (`Id`, `RoleId`, `ClaimType`, `ClaimValue`) VALUES (114, '08d69c0d-ecde-a6e1-0223-c46bb5ab5940', 'AuthorizationClaim', 'FillCheckinOKRInnovation');
INSERT INTO `OKR_COACH_MT`.`AspNetRoleClaims` (`Id`, `RoleId`, `ClaimType`, `ClaimValue`) VALUES (115, '08d69c0d-ecde-a6e1-0223-c46bb5ab5940', 'AuthorizationClaim', 'FillCheckinOKRClient');
INSERT INTO `OKR_COACH_MT`.`AspNetRoleClaims` (`Id`, `RoleId`, `ClaimType`, `ClaimValue`) VALUES (116, '08d69c0d-ecde-a6e1-0223-c46bb5ab5940', 'AuthorizationClaim', 'FillCheckinOKRFactory');
INSERT INTO `OKR_COACH_MT`.`AspNetRoleClaims` (`Id`, `RoleId`, `ClaimType`, `ClaimValue`) VALUES (117, '08d69c0d-ecde-a6e1-0223-c46bb5ab5940', 'AuthorizationClaim', 'FillCheckinOKROperation');
INSERT INTO `OKR_COACH_MT`.`AspNetRoleClaims` (`Id`, `RoleId`, `ClaimType`, `ClaimValue`) VALUES (118, '08d69c0d-ecde-a6e1-0223-c46bb5ab5940', 'AuthorizationClaim', 'FillCheckinOKRCell');
INSERT INTO `OKR_COACH_MT`.`AspNetRoleClaims` (`Id`, `RoleId`, `ClaimType`, `ClaimValue`) VALUES (119, '08d69c0d-ecde-a6e1-0223-c46bb5ab5940', 'AuthorizationClaim', 'CreateTeam');
INSERT INTO `OKR_COACH_MT`.`AspNetRoleClaims` (`Id`, `RoleId`, `ClaimType`, `ClaimValue`) VALUES (120, '08d69c0d-ecde-a6e1-0223-c46bb5ab5940', 'AuthorizationClaim', 'EditTeam');
INSERT INTO `OKR_COACH_MT`.`AspNetRoleClaims` (`Id`, `RoleId`, `ClaimType`, `ClaimValue`) VALUES (121, '08d69c0d-ecde-a6e1-0223-c46bb5ab5940', 'AuthorizationClaim', 'ConsultTeam');
INSERT INTO `OKR_COACH_MT`.`AspNetRoleClaims` (`Id`, `RoleId`, `ClaimType`, `ClaimValue`) VALUES (126, '08d69c0d-ecde-a6e1-0223-c46bb5ab5940', 'AuthorizationClaim', 'ConsultReport');
INSERT INTO `OKR_COACH_MT`.`AspNetRoleClaims` (`Id`, `RoleId`, `ClaimType`, `ClaimValue`) VALUES (127, '08d69c0d-ecde-a6e1-0223-c46bb5ab5940', 'AuthorizationClaim', 'GenerateReport');
INSERT INTO `OKR_COACH_MT`.`AspNetRoleClaims` (`Id`, `RoleId`, `ClaimType`, `ClaimValue`) VALUES (128, '08d69c0d-ecde-a6e1-0223-c46bb5ab5940', 'AuthorizationClaim', 'ExportReport');

INSERT INTO `OKR_COACH_MT`.`AspNetUserRoles` (`UserId`, `RoleId`) VALUES ('08d69bf5-1ca7-b352-58ac-a8d9a885ec72', 'c2c57fb5-cc09-42de-97bc-64e5d82f6eb3');
INSERT INTO `OKR_COACH_MT`.`AspNetUserRoles` (`UserId`, `RoleId`) VALUES ('08d69bf5-1ca7-b352-58ac-a8d9a885ec72', '08d69c0d-ecde-a6e1-0223-c46bb5ab5939');
INSERT INTO `OKR_COACH_MT`.`AspNetUserRoles` (`UserId`, `RoleId`) VALUES ('24d6f8f5-1ac0-4a08-8f9f-f61043f17bf1', '08d69c0d-ecde-a6e1-0223-c46bb5ab5939');